,Project ID,Phase,Start Date,Planned_Duration,Planned_Cost,Planned_Delivrable,Project,Actual_Duration,_merge,Delay,Is_Late,Delay_Category,Start_Month,Start_Quarter,Start_Year,Planned_Intensity,Project Type,Country,Region,Type,Phase 1 - Planning,Phase 2 - Initiation,Phase 3 - Implementation,Phase 4 - Manufacturing,Phase A - Initiation,Phase B - Preparation,Phase C - Development,Phase D - Testing,Phase E - Deployment,Phase F - Post-deployment
0,1,Phase 1 - Planning,2018-01-16,196,50000,10,1,196,both,0,0,À l'heure,1,1,2018,1.5306122448979593,Marketing - Launch of new product,Equateur,North and Latin America,Affiliate,1,0,0,0,0,0,0,0,0,0
1,1,Phase 2 - Initiation,2018-01-31,15,100000,17,1,7,both,-8,0,En avance,1,1,2018,34.0,Marketing - Launch of new product,Equateur,North and Latin America,Affiliate,0,1,0,0,0,0,0,0,0,0
2,1,Phase 3 - Implementation,2018-04-17,197,150000,26,1,176,both,-21,0,En avance,4,2,2018,3.9593908629441628,Marketing - Launch of new product,Equateur,North and Latin America,Affiliate,0,0,1,0,0,0,0,0,0,0
3,1,Phase 4 - Manufacturing,2018-10-10,61,450000,23,1,64,both,3,1,Petit retard (<1mois),10,4,2018,11.311475409836065,Marketing - Launch of new product,Equateur,North and Latin America,Affiliate,0,0,0,1,0,0,0,0,0,0
4,2,Phase 1 - Planning,2018-01-30,16,100000,6,2,16,both,0,0,À l'heure,1,1,2018,11.25,Marketing - Launch of new product,France,Western Europe,Affiliate,1,0,0,0,0,0,0,0,0,0
5,2,Phase 2 - Initiation,2018-04-01,109,200000,27,2,66,both,-43,0,En avance,4,2,2018,7.431192660550459,Marketing - Launch of new product,France,Western Europe,Affiliate,0,1,0,0,0,0,0,0,0,0
6,2,Phase 3 - Implementation,2018-06-06,146,300000,18,2,73,both,-73,0,En avance,6,2,2018,3.698630136986301,Marketing - Launch of new product,France,Western Europe,Affiliate,0,0,1,0,0,0,0,0,0,0
7,2,Phase 4 - Manufacturing,2018-08-18,94,900000,20,2,148,both,54,1,Retard moyen (1-3mois),8,3,2018,6.382978723404255,Marketing - Launch of new product,France,Western Europe,Affiliate,0,0,0,1,0,0,0,0,0,0
8,3,Phase 1 - Planning,2018-03-03,91,50000,26,3,124,both,33,1,Retard moyen (1-3mois),3,1,2018,8.571428571428571,Marketing - Launch of new product,Liban,Central/Eastern Europe-Middle East-Africa,Distributor,1,0,0,0,0,0,0,0,0,0
9,3,Phase 2 - Initiation,2018-03-25,77,100000,18,3,34,both,-43,0,En avance,3,1,2018,7.012987012987013,Marketing - Launch of new product,Liban,Central/Eastern Europe-Middle East-Africa,Distributor,0,1,0,0,0,0,0,0,0,0
10,3,Phase 3 - Implementation,2018-04-28,169,150000,21,3,178,both,9,1,Petit retard (<1mois),4,2,2018,3.727810650887574,Marketing - Launch of new product,Liban,Central/Eastern Europe-Middle East-Africa,Distributor,0,0,1,0,0,0,0,0,0,0
11,3,Phase 4 - Manufacturing,2018-10-23,61,450000,8,3,127,both,66,1,Retard moyen (1-3mois),10,4,2018,3.934426229508197,Marketing - Launch of new product,Liban,Central/Eastern Europe-Middle East-Africa,Distributor,0,0,0,1,0,0,0,0,0,0
12,4,Phase 1 - Planning,2018-04-02,31,50000,20,4,17,both,-14,0,En avance,4,2,2018,19.35483870967742,Marketing - Launch of new product,Egypte,Central/Eastern Europe-Middle East-Africa,Distributor,1,0,0,0,0,0,0,0,0,0
13,4,Phase 2 - Initiation,2018-09-21,13,100000,20,4,25,both,12,1,Petit retard (<1mois),9,3,2018,46.15384615384615,Marketing - Launch of new product,Egypte,Central/Eastern Europe-Middle East-Africa,Distributor,0,1,0,0,0,0,0,0,0,0
14,4,Phase 3 - Implementation,2018-11-06,63,150000,32,4,147,both,84,1,Retard moyen (1-3mois),11,4,2018,15.238095238095237,Marketing - Launch of new product,Egypte,Central/Eastern Europe-Middle East-Africa,Distributor,0,0,1,0,0,0,0,0,0,0
15,4,Phase 4 - Manufacturing,2019-04-02,44,450000,23,4,105,both,61,1,Retard moyen (1-3mois),4,2,2019,15.681818181818182,Marketing - Launch of new product,Egypte,Central/Eastern Europe-Middle East-Africa,Distributor,0,0,0,1,0,0,0,0,0,0
16,5,Phase 1 - Planning,2018-01-19,11,50000,3,5,25,both,14,1,Petit retard (<1mois),1,1,2018,8.181818181818182,Marketing - Launch of new product,Afrique du Sud,Central/Eastern Europe-Middle East-Africa,Distributor,1,0,0,0,0,0,0,0,0,0
17,5,Phase 2 - Initiation,2018-02-13,167,100000,21,5,157,both,-10,0,En avance,2,1,2018,3.772455089820359,Marketing - Launch of new product,Afrique du Sud,Central/Eastern Europe-Middle East-Africa,Distributor,0,1,0,0,0,0,0,0,0,0
18,5,Phase 3 - Implementation,2018-03-05,197,150000,22,5,62,both,-135,0,En avance,3,1,2018,3.350253807106599,Marketing - Launch of new product,Afrique du Sud,Central/Eastern Europe-Middle East-Africa,Distributor,0,0,1,0,0,0,0,0,0,0
19,5,Phase 4 - Manufacturing,2018-05-06,60,450000,13,5,52,both,-8,0,En avance,5,2,2018,6.5,Marketing - Launch of new product,Afrique du Sud,Central/Eastern Europe-Middle East-Africa,Distributor,0,0,0,1,0,0,0,0,0,0
20,6,Phase 1 - Planning,2018-05-02,62,50000,19,6,57,both,-5,0,En avance,5,2,2018,9.193548387096774,Marketing - Launch of new product,Albanie,Central/Eastern Europe-Middle East-Africa,Distributor,1,0,0,0,0,0,0,0,0,0
21,6,Phase 2 - Initiation,2018-06-28,158,100000,7,6,183,both,25,1,Petit retard (<1mois),6,2,2018,1.3291139240506329,Marketing - Launch of new product,Albanie,Central/Eastern Europe-Middle East-Africa,Distributor,0,1,0,0,0,0,0,0,0,0
22,6,Phase 3 - Implementation,2018-07-18,68,150000,13,6,89,both,21,1,Petit retard (<1mois),7,3,2018,5.735294117647058,Marketing - Launch of new product,Albanie,Central/Eastern Europe-Middle East-Africa,Distributor,0,0,1,0,0,0,0,0,0,0
23,6,Phase 4 - Manufacturing,2018-10-15,30,450000,4,6,58,both,28,1,Petit retard (<1mois),10,4,2018,4.0,Marketing - Launch of new product,Albanie,Central/Eastern Europe-Middle East-Africa,Distributor,0,0,0,1,0,0,0,0,0,0
24,7,Phase 1 - Planning,2018-02-16,190,100000,30,7,151,both,-39,0,En avance,2,1,2018,4.7368421052631575,Marketing - Launch of new product,Hollande,Western Europe,Affiliate,1,0,0,0,0,0,0,0,0,0
25,7,Phase 2 - Initiation,2018-04-08,15,200000,30,7,26,both,11,1,Petit retard (<1mois),4,2,2018,60.0,Marketing - Launch of new product,Hollande,Western Europe,Affiliate,0,1,0,0,0,0,0,0,0,0
26,7,Phase 3 - Implementation,2018-06-06,162,300000,19,7,143,both,-19,0,En avance,6,2,2018,3.518518518518518,Marketing - Launch of new product,Hollande,Western Europe,Affiliate,0,0,1,0,0,0,0,0,0,0
27,7,Phase 4 - Manufacturing,2018-10-27,78,900000,19,7,120,both,42,1,Retard moyen (1-3mois),10,4,2018,7.3076923076923075,Marketing - Launch of new product,Hollande,Western Europe,Affiliate,0,0,0,1,0,0,0,0,0,0
28,8,Phase 1 - Planning,2018-04-16,48,100000,28,8,66,both,18,1,Petit retard (<1mois),4,2,2018,17.5,Marketing - Launch of new product,Allemagne,Western Europe,Affiliate,1,0,0,0,0,0,0,0,0,0
29,8,Phase 2 - Initiation,2018-07-31,179,200000,5,8,68,both,-111,0,En avance,7,3,2018,0.8379888268156424,Marketing - Launch of new product,Allemagne,Western Europe,Affiliate,0,1,0,0,0,0,0,0,0,0
30,8,Phase 3 - Implementation,2018-10-07,7,300000,10,8,6,both,-1,0,En avance,10,4,2018,42.85714285714286,Marketing - Launch of new product,Allemagne,Western Europe,Affiliate,0,0,1,0,0,0,0,0,0,0
31,8,Phase 4 - Manufacturing,2018-12-08,79,900000,18,8,135,both,56,1,Retard moyen (1-3mois),12,4,2018,6.8354430379746836,Marketing - Launch of new product,Allemagne,Western Europe,Affiliate,0,0,0,1,0,0,0,0,0,0
32,9,Phase 1 - Planning,2018-01-27,173,100000,12,9,135,both,-38,0,En avance,1,1,2018,2.0809248554913293,Marketing - Launch of new product,Belgique,Western Europe,Affiliate,1,0,0,0,0,0,0,0,0,0
33,9,Phase 2 - Initiation,2018-02-28,66,200000,21,9,52,both,-14,0,En avance,2,1,2018,9.545454545454545,Marketing - Launch of new product,Belgique,Western Europe,Affiliate,0,1,0,0,0,0,0,0,0,0
34,9,Phase 3 - Implementation,2018-04-21,9,300000,10,9,4,both,-5,0,En avance,4,2,2018,33.333333333333336,Marketing - Launch of new product,Belgique,Western Europe,Affiliate,0,0,1,0,0,0,0,0,0,0
35,9,Phase 4 - Manufacturing,2018-06-04,98,900000,3,9,73,both,-25,0,En avance,6,2,2018,0.9183673469387755,Marketing - Launch of new product,Belgique,Western Europe,Affiliate,0,0,0,1,0,0,0,0,0,0
36,10,Phase 1 - Planning,2018-02-01,95,33300,26,10,132,both,37,1,Retard moyen (1-3mois),2,1,2018,8.210526315789474,Marketing - Launch of new product,Benin,Central/Eastern Europe-Middle East-Africa,Distributor,1,0,0,0,0,0,0,0,0,0
37,10,Phase 2 - Initiation,2018-06-13,17,66700,29,10,16,both,-1,0,En avance,6,2,2018,51.17647058823529,Marketing - Launch of new product,Benin,Central/Eastern Europe-Middle East-Africa,Distributor,0,1,0,0,0,0,0,0,0,0
38,10,Phase 3 - Implementation,2018-11-24,46,100000,24,10,31,both,-15,0,En avance,11,4,2018,15.652173913043478,Marketing - Launch of new product,Benin,Central/Eastern Europe-Middle East-Africa,Distributor,0,0,1,0,0,0,0,0,0,0
39,10,Phase 4 - Manufacturing,2019-04-04,13,300000,4,10,15,both,2,1,Petit retard (<1mois),4,2,2019,9.230769230769232,Marketing - Launch of new product,Benin,Central/Eastern Europe-Middle East-Africa,Distributor,0,0,0,1,0,0,0,0,0,0
40,11,Phase 1 - Planning,2018-04-19,55,100000,4,11,78,both,23,1,Petit retard (<1mois),4,2,2018,2.1818181818181817,Marketing - Launch of new product,Italie,Western Europe,Affiliate,1,0,0,0,0,0,0,0,0,0
41,11,Phase 2 - Initiation,2018-08-04,6,200000,13,11,9,both,3,1,Petit retard (<1mois),8,3,2018,65.0,Marketing - Launch of new product,Italie,Western Europe,Affiliate,0,1,0,0,0,0,0,0,0,0
42,11,Phase 3 - Implementation,2018-08-24,107,300000,17,11,168,both,61,1,Retard moyen (1-3mois),8,3,2018,4.766355140186915,Marketing - Launch of new product,Italie,Western Europe,Affiliate,0,0,1,0,0,0,0,0,0,0
43,11,Phase 4 - Manufacturing,2019-02-08,48,900000,11,11,67,both,19,1,Petit retard (<1mois),2,1,2019,6.875,Marketing - Launch of new product,Italie,Western Europe,Affiliate,0,0,0,1,0,0,0,0,0,0
44,12,Phase 1 - Planning,2018-03-10,11,50000,22,12,8,both,-3,0,En avance,3,1,2018,60.0,Marketing - Launch of new product,Hongrie,Central/Eastern Europe-Middle East-Africa,Affiliate,1,0,0,0,0,0,0,0,0,0
45,12,Phase 2 - Initiation,2018-06-04,134,100000,4,12,153,both,19,1,Petit retard (<1mois),6,2,2018,0.8955223880597015,Marketing - Launch of new product,Hongrie,Central/Eastern Europe-Middle East-Africa,Affiliate,0,1,0,0,0,0,0,0,0,0
46,12,Phase 3 - Implementation,2018-11-04,148,150000,3,12,144,both,-4,0,En avance,11,4,2018,0.6081081081081081,Marketing - Launch of new product,Hongrie,Central/Eastern Europe-Middle East-Africa,Affiliate,0,0,1,0,0,0,0,0,0,0
47,12,Phase 4 - Manufacturing,2019-03-28,148,450000,22,12,104,both,-44,0,En avance,3,1,2019,4.45945945945946,Marketing - Launch of new product,Hongrie,Central/Eastern Europe-Middle East-Africa,Affiliate,0,0,0,1,0,0,0,0,0,0
48,13,Phase 1 - Planning,2018-02-13,89,50000,19,13,106,both,17,1,Petit retard (<1mois),2,1,2018,6.404494382022472,Marketing - Launch of new product,France,Western Europe,Affiliate,1,0,0,0,0,0,0,0,0,0
49,13,Phase 2 - Initiation,2018-05-30,192,100000,7,13,97,both,-95,0,En avance,5,2,2018,1.09375,Marketing - Launch of new product,France,Western Europe,Affiliate,0,1,0,0,0,0,0,0,0,0
50,13,Phase 3 - Implementation,2018-09-04,125,150000,26,13,139,both,14,1,Petit retard (<1mois),9,3,2018,6.239999999999999,Marketing - Launch of new product,France,Western Europe,Affiliate,0,0,1,0,0,0,0,0,0,0
51,13,Phase 4 - Manufacturing,2019-01-21,176,450000,22,13,153,both,-23,0,En avance,1,1,2019,3.75,Marketing - Launch of new product,France,Western Europe,Affiliate,0,0,0,1,0,0,0,0,0,0
52,14,Phase 1 - Planning,2018-04-13,191,50000,9,14,150,both,-41,0,En avance,4,2,2018,1.4136125654450262,Marketing - Launch of new product,Croatie,Central/Eastern Europe-Middle East-Africa,Affiliate,1,0,0,0,0,0,0,0,0,0
53,14,Phase 2 - Initiation,2018-04-28,131,100000,31,14,122,both,-9,0,En avance,4,2,2018,7.099236641221374,Marketing - Launch of new product,Croatie,Central/Eastern Europe-Middle East-Africa,Affiliate,0,1,0,0,0,0,0,0,0,0
54,14,Phase 3 - Implementation,2018-05-02,1,150000,1,14,14,both,13,1,Petit retard (<1mois),5,2,2018,30.0,Marketing - Launch of new product,Croatie,Central/Eastern Europe-Middle East-Africa,Affiliate,0,0,1,0,0,0,0,0,0,0
55,14,Phase 4 - Manufacturing,2018-09-24,136,450000,20,14,55,both,-81,0,En avance,9,3,2018,4.411764705882353,Marketing - Launch of new product,Croatie,Central/Eastern Europe-Middle East-Africa,Affiliate,0,0,0,1,0,0,0,0,0,0
56,15,Phase 1 - Planning,2018-01-01,166,33300,22,15,164,both,-2,0,En avance,1,1,2018,3.9759036144578315,Marketing - Launch of new product,Burkina Faso,Central/Eastern Europe-Middle East-Africa,Distributor,1,0,0,0,0,0,0,0,0,0
57,15,Phase 2 - Initiation,2018-01-19,159,66700,25,15,171,both,12,1,Petit retard (<1mois),1,1,2018,4.716981132075471,Marketing - Launch of new product,Burkina Faso,Central/Eastern Europe-Middle East-Africa,Distributor,0,1,0,0,0,0,0,0,0,0
58,15,Phase 3 - Implementation,2018-07-09,26,100000,32,15,41,both,15,1,Petit retard (<1mois),7,3,2018,36.92307692307693,Marketing - Launch of new product,Burkina Faso,Central/Eastern Europe-Middle East-Africa,Distributor,0,0,1,0,0,0,0,0,0,0
59,15,Phase 4 - Manufacturing,2018-09-28,110,300000,14,15,71,both,-39,0,En avance,9,3,2018,3.818181818181818,Marketing - Launch of new product,Burkina Faso,Central/Eastern Europe-Middle East-Africa,Distributor,0,0,0,1,0,0,0,0,0,0
60,16,Phase 1 - Planning,2018-02-07,30,33300,6,16,25,both,-5,0,En avance,2,1,2018,6.0,Marketing - Launch of new product,Cote d'Ivoire,Central/Eastern Europe-Middle East-Africa,Distributor,1,0,0,0,0,0,0,0,0,0
61,16,Phase 2 - Initiation,2018-05-21,101,66700,7,16,115,both,14,1,Petit retard (<1mois),5,2,2018,2.0792079207920793,Marketing - Launch of new product,Cote d'Ivoire,Central/Eastern Europe-Middle East-Africa,Distributor,0,1,0,0,0,0,0,0,0,0
62,16,Phase 3 - Implementation,2018-09-13,152,100000,7,16,100,both,-52,0,En avance,9,3,2018,1.381578947368421,Marketing - Launch of new product,Cote d'Ivoire,Central/Eastern Europe-Middle East-Africa,Distributor,0,0,1,0,0,0,0,0,0,0
63,16,Phase 4 - Manufacturing,2018-09-23,21,300000,6,16,32,both,11,1,Petit retard (<1mois),9,3,2018,8.571428571428571,Marketing - Launch of new product,Cote d'Ivoire,Central/Eastern Europe-Middle East-Africa,Distributor,0,0,0,1,0,0,0,0,0,0
64,17,Phase 1 - Planning,2018-01-07,140,100000,26,17,97,both,-43,0,En avance,1,1,2018,5.571428571428571,Marketing - Launch of new product,Espagne,Western Europe,Affiliate,1,0,0,0,0,0,0,0,0,0
65,17,Phase 2 - Initiation,2018-04-14,174,200000,13,17,67,both,-107,0,En avance,4,2,2018,2.241379310344828,Marketing - Launch of new product,Espagne,Western Europe,Affiliate,0,1,0,0,0,0,0,0,0,0
66,17,Phase 3 - Implementation,2018-06-20,110,300000,28,17,147,both,37,1,Retard moyen (1-3mois),6,2,2018,7.636363636363636,Marketing - Launch of new product,Espagne,Western Europe,Affiliate,0,0,1,0,0,0,0,0,0,0
67,17,Phase 4 - Manufacturing,2018-11-14,72,900000,12,17,61,both,-11,0,En avance,11,4,2018,5.0,Marketing - Launch of new product,Espagne,Western Europe,Affiliate,0,0,0,1,0,0,0,0,0,0
68,18,Phase 1 - Planning,2018-04-04,89,33300,8,18,64,both,-25,0,En avance,4,2,2018,2.696629213483146,Marketing - Launch of new product,Gabon,Central/Eastern Europe-Middle East-Africa,Distributor,1,0,0,0,0,0,0,0,0,0
69,18,Phase 2 - Initiation,2018-06-07,178,66700,15,18,65,both,-113,0,En avance,6,2,2018,2.528089887640449,Marketing - Launch of new product,Gabon,Central/Eastern Europe-Middle East-Africa,Distributor,0,1,0,0,0,0,0,0,0,0
70,18,Phase 3 - Implementation,2018-08-11,34,100000,13,18,41,both,7,1,Petit retard (<1mois),8,3,2018,11.470588235294116,Marketing - Launch of new product,Gabon,Central/Eastern Europe-Middle East-Africa,Distributor,0,0,1,0,0,0,0,0,0,0
71,18,Phase 4 - Manufacturing,2018-09-21,119,300000,29,18,100,both,-19,0,En avance,9,3,2018,7.310924369747899,Marketing - Launch of new product,Gabon,Central/Eastern Europe-Middle East-Africa,Distributor,0,0,0,1,0,0,0,0,0,0
72,19,Phase 1 - Planning,2018-03-17,186,100000,29,19,200,both,14,1,Petit retard (<1mois),3,1,2018,4.67741935483871,Marketing - Launch of new product,Republique Chèque,Central/Eastern Europe-Middle East-Africa,Affiliate,1,0,0,0,0,0,0,0,0,0
73,19,Phase 2 - Initiation,2018-04-05,115,200000,24,19,155,both,40,1,Retard moyen (1-3mois),4,2,2018,6.260869565217391,Marketing - Launch of new product,Republique Chèque,Central/Eastern Europe-Middle East-Africa,Affiliate,0,1,0,0,0,0,0,0,0,0
74,19,Phase 3 - Implementation,2018-09-07,184,300000,17,19,110,both,-74,0,En avance,9,3,2018,2.7717391304347823,Marketing - Launch of new product,Republique Chèque,Central/Eastern Europe-Middle East-Africa,Affiliate,0,0,1,0,0,0,0,0,0,0
75,19,Phase 4 - Manufacturing,2018-12-26,145,900000,21,19,144,both,-1,0,En avance,12,4,2018,4.344827586206897,Marketing - Launch of new product,Republique Chèque,Central/Eastern Europe-Middle East-Africa,Affiliate,0,0,0,1,0,0,0,0,0,0
76,20,Phase 1 - Planning,2018-01-25,125,50000,8,20,125,both,0,0,À l'heure,1,1,2018,1.92,Marketing - Launch of new product,Colombie,North and Latin America,Distributor,1,0,0,0,0,0,0,0,0,0
77,20,Phase 2 - Initiation,2018-02-15,117,100000,23,20,84,both,-33,0,En avance,2,1,2018,5.897435897435897,Marketing - Launch of new product,Colombie,North and Latin America,Distributor,0,1,0,0,0,0,0,0,0,0
78,20,Phase 3 - Implementation,2018-05-10,54,150000,24,20,99,both,45,1,Retard moyen (1-3mois),5,2,2018,13.333333333333332,Marketing - Launch of new product,Colombie,North and Latin America,Distributor,0,0,1,0,0,0,0,0,0,0
79,20,Phase 4 - Manufacturing,2018-08-17,120,450000,30,20,121,both,1,1,Petit retard (<1mois),8,3,2018,7.5,Marketing - Launch of new product,Colombie,North and Latin America,Distributor,0,0,0,1,0,0,0,0,0,0
80,21,Phase 1 - Planning,2018-04-13,49,50000,8,21,54,both,5,1,Petit retard (<1mois),4,2,2018,4.897959183673469,Marketing - Launch of new product,Estonie,Central/Eastern Europe-Middle East-Africa,Affiliate,1,0,0,0,0,0,0,0,0,0
81,21,Phase 2 - Initiation,2018-06-06,60,100000,20,21,70,both,10,1,Petit retard (<1mois),6,2,2018,10.0,Marketing - Launch of new product,Estonie,Central/Eastern Europe-Middle East-Africa,Affiliate,0,1,0,0,0,0,0,0,0,0
82,21,Phase 3 - Implementation,2018-11-23,151,150000,24,21,106,both,-45,0,En avance,11,4,2018,4.768211920529802,Marketing - Launch of new product,Estonie,Central/Eastern Europe-Middle East-Africa,Affiliate,0,0,1,0,0,0,0,0,0,0
83,21,Phase 4 - Manufacturing,2019-03-09,177,450000,12,21,145,both,-32,0,En avance,3,1,2019,2.0338983050847457,Marketing - Launch of new product,Estonie,Central/Eastern Europe-Middle East-Africa,Affiliate,0,0,0,1,0,0,0,0,0,0
84,22,Phase 1 - Planning,2018-03-06,175,50000,5,22,139,both,-36,0,En avance,3,1,2018,0.8571428571428571,Marketing - Launch of new product,Bresil,North and Latin America,Distributor,1,0,0,0,0,0,0,0,0,0
85,22,Phase 2 - Initiation,2018-04-05,149,100000,3,22,125,both,-24,0,En avance,4,2,2018,0.6040268456375839,Marketing - Launch of new product,Bresil,North and Latin America,Distributor,0,1,0,0,0,0,0,0,0,0
86,22,Phase 3 - Implementation,2018-08-08,198,150000,7,22,154,both,-44,0,En avance,8,3,2018,1.0606060606060606,Marketing - Launch of new product,Bresil,North and Latin America,Distributor,0,0,1,0,0,0,0,0,0,0
87,22,Phase 4 - Manufacturing,2018-10-01,109,450000,27,22,123,both,14,1,Petit retard (<1mois),10,4,2018,7.431192660550459,Marketing - Launch of new product,Bresil,North and Latin America,Distributor,0,0,0,1,0,0,0,0,0,0
88,23,Phase 1 - Planning,2018-04-26,151,100000,6,23,57,both,-94,0,En avance,4,2,2018,1.1920529801324504,Marketing - Launch of new product,Suisse,Western Europe,Affiliate,1,0,0,0,0,0,0,0,0,0
89,23,Phase 2 - Initiation,2018-06-22,16,200000,26,23,7,both,-9,0,En avance,6,2,2018,48.75,Marketing - Launch of new product,Suisse,Western Europe,Affiliate,0,1,0,0,0,0,0,0,0,0
90,23,Phase 3 - Implementation,2018-09-09,67,300000,3,23,135,both,68,1,Retard moyen (1-3mois),9,3,2018,1.3432835820895521,Marketing - Launch of new product,Suisse,Western Europe,Affiliate,0,0,1,0,0,0,0,0,0,0
91,23,Phase 4 - Manufacturing,2019-01-22,14,900000,21,23,14,both,0,0,À l'heure,1,1,2019,45.0,Marketing - Launch of new product,Suisse,Western Europe,Affiliate,0,0,0,1,0,0,0,0,0,0
92,24,Phase 1 - Planning,2018-03-03,165,50000,13,24,87,both,-78,0,En avance,3,1,2018,2.3636363636363633,Marketing - Launch of new product,Ukraine,Central/Eastern Europe-Middle East-Africa,Affiliate,1,0,0,0,0,0,0,0,0,0
93,24,Phase 2 - Initiation,2018-04-21,125,100000,21,24,132,both,7,1,Petit retard (<1mois),4,2,2018,5.04,Marketing - Launch of new product,Ukraine,Central/Eastern Europe-Middle East-Africa,Affiliate,0,1,0,0,0,0,0,0,0,0
94,24,Phase 3 - Implementation,2018-08-31,132,150000,21,24,54,both,-78,0,En avance,8,3,2018,4.7727272727272725,Marketing - Launch of new product,Ukraine,Central/Eastern Europe-Middle East-Africa,Affiliate,0,0,1,0,0,0,0,0,0,0
95,24,Phase 4 - Manufacturing,2018-10-24,189,450000,23,24,165,both,-24,0,En avance,10,4,2018,3.6507936507936507,Marketing - Launch of new product,Ukraine,Central/Eastern Europe-Middle East-Africa,Affiliate,0,0,0,1,0,0,0,0,0,0
96,25,Phase 1 - Planning,2018-02-05,20,33300,11,25,30,both,10,1,Petit retard (<1mois),2,1,2018,16.5,Marketing - Launch of new product,Togo,Central/Eastern Europe-Middle East-Africa,Distributor,1,0,0,0,0,0,0,0,0,0
97,25,Phase 2 - Initiation,2018-03-07,188,66700,11,25,199,both,11,1,Petit retard (<1mois),3,1,2018,1.7553191489361701,Marketing - Launch of new product,Togo,Central/Eastern Europe-Middle East-Africa,Distributor,0,1,0,0,0,0,0,0,0,0
98,25,Phase 3 - Implementation,2018-03-15,102,100000,7,25,63,both,-39,0,En avance,3,1,2018,2.058823529411765,Marketing - Launch of new product,Togo,Central/Eastern Europe-Middle East-Africa,Distributor,0,0,1,0,0,0,0,0,0,0
99,25,Phase 4 - Manufacturing,2018-05-17,105,300000,6,25,73,both,-32,0,En avance,5,2,2018,1.7142857142857142,Marketing - Launch of new product,Togo,Central/Eastern Europe-Middle East-Africa,Distributor,0,0,0,1,0,0,0,0,0,0
100,26,Phase 1 - Planning,2018-05-23,76,100000,31,26,95,both,19,1,Petit retard (<1mois),5,2,2018,12.236842105263158,Marketing - Launch of new product,Allemagne,Western Europe,Affiliate,1,0,0,0,0,0,0,0,0,0
101,26,Phase 2 - Initiation,2018-10-18,28,200000,3,26,45,both,17,1,Petit retard (<1mois),10,4,2018,3.214285714285714,Marketing - Launch of new product,Allemagne,Western Europe,Affiliate,0,1,0,0,0,0,0,0,0,0
102,26,Phase 3 - Implementation,2019-01-08,128,300000,27,26,112,both,-16,0,En avance,1,1,2019,6.328125,Marketing - Launch of new product,Allemagne,Western Europe,Affiliate,0,0,1,0,0,0,0,0,0,0
103,26,Phase 4 - Manufacturing,2019-01-20,3,900000,6,26,1,both,-2,0,En avance,1,1,2019,60.0,Marketing - Launch of new product,Allemagne,Western Europe,Affiliate,0,0,0,1,0,0,0,0,0,0
104,27,Phase 1 - Planning,2018-02-19,60,50000,23,27,99,both,39,1,Retard moyen (1-3mois),2,1,2018,11.5,Marketing - Launch of new product,La Reunion,Central/Eastern Europe-Middle East-Africa,Affiliate,1,0,0,0,0,0,0,0,0,0
105,27,Phase 2 - Initiation,2018-06-13,199,100000,12,27,151,both,-48,0,En avance,6,2,2018,1.809045226130653,Marketing - Launch of new product,La Reunion,Central/Eastern Europe-Middle East-Africa,Affiliate,0,1,0,0,0,0,0,0,0,0
106,27,Phase 3 - Implementation,2018-11-11,57,150000,20,27,28,both,-29,0,En avance,11,4,2018,10.526315789473683,Marketing - Launch of new product,La Reunion,Central/Eastern Europe-Middle East-Africa,Affiliate,0,0,1,0,0,0,0,0,0,0
107,27,Phase 4 - Manufacturing,2018-12-09,125,450000,18,27,168,both,43,1,Retard moyen (1-3mois),12,4,2018,4.319999999999999,Marketing - Launch of new product,La Reunion,Central/Eastern Europe-Middle East-Africa,Affiliate,0,0,0,1,0,0,0,0,0,0
108,28,Phase 1 - Planning,2018-01-24,21,100000,14,28,13,both,-8,0,En avance,1,1,2018,20.0,Marketing - Launch of new product,Russie,Central/Eastern Europe-Middle East-Africa,Affiliate,1,0,0,0,0,0,0,0,0,0
109,28,Phase 2 - Initiation,2018-06-08,94,200000,7,28,51,both,-43,0,En avance,6,2,2018,2.234042553191489,Marketing - Launch of new product,Russie,Central/Eastern Europe-Middle East-Africa,Affiliate,0,1,0,0,0,0,0,0,0,0
110,28,Phase 3 - Implementation,2018-07-29,128,300000,17,28,218,both,90,1,Retard moyen (1-3mois),7,3,2018,3.984375,Marketing - Launch of new product,Russie,Central/Eastern Europe-Middle East-Africa,Affiliate,0,0,1,0,0,0,0,0,0,0
111,28,Phase 4 - Manufacturing,2018-08-26,91,900000,32,28,32,both,-59,0,En avance,8,3,2018,10.549450549450551,Marketing - Launch of new product,Russie,Central/Eastern Europe-Middle East-Africa,Affiliate,0,0,0,1,0,0,0,0,0,0
112,29,Phase 1 - Planning,2018-03-08,7,50000,7,29,14,both,7,1,Petit retard (<1mois),3,1,2018,30.0,Marketing - Launch of new product,Belgique,Western Europe,Affiliate,1,0,0,0,0,0,0,0,0,0
113,29,Phase 2 - Initiation,2018-07-26,80,100000,5,29,43,both,-37,0,En avance,7,3,2018,1.875,Marketing - Launch of new product,Belgique,Western Europe,Affiliate,0,1,0,0,0,0,0,0,0,0
114,29,Phase 3 - Implementation,2018-09-07,117,150000,5,29,116,both,-1,0,En avance,9,3,2018,1.2820512820512822,Marketing - Launch of new product,Belgique,Western Europe,Affiliate,0,0,1,0,0,0,0,0,0,0
115,29,Phase 4 - Manufacturing,2019-01-01,5,450000,16,29,3,both,-2,0,En avance,1,1,2019,96.0,Marketing - Launch of new product,Belgique,Western Europe,Affiliate,0,0,0,1,0,0,0,0,0,0
116,30,Phase 1 - Planning,2018-01-07,165,100000,20,30,112,both,-53,0,En avance,1,1,2018,3.6363636363636367,Marketing - Launch of new product,Canada,North and Latin America,Distributor,1,0,0,0,0,0,0,0,0,0
117,30,Phase 2 - Initiation,2018-02-11,182,200000,11,30,126,both,-56,0,En avance,2,1,2018,1.8131868131868132,Marketing - Launch of new product,Canada,North and Latin America,Distributor,0,1,0,0,0,0,0,0,0,0
118,30,Phase 3 - Implementation,2018-03-01,17,300000,8,30,30,both,13,1,Petit retard (<1mois),3,1,2018,14.117647058823529,Marketing - Launch of new product,Canada,North and Latin America,Distributor,0,0,1,0,0,0,0,0,0,0
119,30,Phase 4 - Manufacturing,2018-03-31,149,900000,23,30,141,both,-8,0,En avance,3,1,2018,4.630872483221476,Marketing - Launch of new product,Canada,North and Latin America,Distributor,0,0,0,1,0,0,0,0,0,0
120,31,Phase 1 - Planning,2018-04-12,26,100000,4,31,36,both,10,1,Petit retard (<1mois),4,2,2018,4.615384615384616,Marketing - Launch of new product,Norvege,Western Europe,Distributor,1,0,0,0,0,0,0,0,0,0
121,31,Phase 2 - Initiation,2018-06-13,76,200000,20,31,50,both,-26,0,En avance,6,2,2018,7.894736842105263,Marketing - Launch of new product,Norvege,Western Europe,Distributor,0,1,0,0,0,0,0,0,0,0
122,31,Phase 3 - Implementation,2018-11-10,94,300000,17,31,54,both,-40,0,En avance,11,4,2018,5.425531914893617,Marketing - Launch of new product,Norvege,Western Europe,Distributor,0,0,1,0,0,0,0,0,0,0
123,31,Phase 4 - Manufacturing,2019-01-03,86,900000,23,31,49,both,-37,0,En avance,1,1,2019,8.023255813953488,Marketing - Launch of new product,Norvege,Western Europe,Distributor,0,0,0,1,0,0,0,0,0,0
124,32,Phase 1 - Planning,2018-02-28,107,50000,10,32,56,both,-51,0,En avance,2,1,2018,2.803738317757009,Marketing - Launch of new product,Turquie,Central/Eastern Europe-Middle East-Africa,Distributor,1,0,0,0,0,0,0,0,0,0
125,32,Phase 2 - Initiation,2018-03-09,76,100000,5,32,25,both,-51,0,En avance,3,1,2018,1.9736842105263157,Marketing - Launch of new product,Turquie,Central/Eastern Europe-Middle East-Africa,Distributor,0,1,0,0,0,0,0,0,0,0
126,32,Phase 3 - Implementation,2018-04-03,134,150000,25,32,108,both,-26,0,En avance,4,2,2018,5.597014925373134,Marketing - Launch of new product,Turquie,Central/Eastern Europe-Middle East-Africa,Distributor,0,0,1,0,0,0,0,0,0,0
127,32,Phase 4 - Manufacturing,2018-07-20,34,450000,9,32,21,both,-13,0,En avance,7,3,2018,7.9411764705882355,Marketing - Launch of new product,Turquie,Central/Eastern Europe-Middle East-Africa,Distributor,0,0,0,1,0,0,0,0,0,0
128,33,Phase 1 - Planning,2018-03-31,53,50000,12,33,53,both,0,0,À l'heure,3,1,2018,6.7924528301886795,Marketing - Launch of new product,Malte,Central/Eastern Europe-Middle East-Africa,Distributor,1,0,0,0,0,0,0,0,0,0
129,33,Phase 2 - Initiation,2018-06-04,87,100000,21,33,100,both,13,1,Petit retard (<1mois),6,2,2018,7.241379310344828,Marketing - Launch of new product,Malte,Central/Eastern Europe-Middle East-Africa,Distributor,0,1,0,0,0,0,0,0,0,0
130,33,Phase 3 - Implementation,2018-06-16,45,150000,4,33,62,both,17,1,Petit retard (<1mois),6,2,2018,2.666666666666667,Marketing - Launch of new product,Malte,Central/Eastern Europe-Middle East-Africa,Distributor,0,0,1,0,0,0,0,0,0,0
131,33,Phase 4 - Manufacturing,2018-10-04,121,450000,11,33,82,both,-39,0,En avance,10,4,2018,2.7272727272727275,Marketing - Launch of new product,Malte,Central/Eastern Europe-Middle East-Africa,Distributor,0,0,0,1,0,0,0,0,0,0
132,34,Phase 1 - Planning,2018-05-26,109,100000,12,34,38,both,-71,0,En avance,5,2,2018,3.302752293577982,Marketing - Launch of new product,Israel,Central/Eastern Europe-Middle East-Africa,Distributor,1,0,0,0,0,0,0,0,0,0
133,34,Phase 2 - Initiation,2018-07-03,153,200000,23,34,128,both,-25,0,En avance,7,3,2018,4.509803921568627,Marketing - Launch of new product,Israel,Central/Eastern Europe-Middle East-Africa,Distributor,0,1,0,0,0,0,0,0,0,0
134,34,Phase 3 - Implementation,2018-07-06,165,300000,15,34,132,both,-33,0,En avance,7,3,2018,2.7272727272727275,Marketing - Launch of new product,Israel,Central/Eastern Europe-Middle East-Africa,Distributor,0,0,1,0,0,0,0,0,0,0
135,34,Phase 4 - Manufacturing,2018-11-15,181,900000,24,34,99,both,-82,0,En avance,11,4,2018,3.9779005524861875,Marketing - Launch of new product,Israel,Central/Eastern Europe-Middle East-Africa,Distributor,0,0,0,1,0,0,0,0,0,0
136,35,Phase 1 - Planning,2018-03-02,25,100000,27,35,30,both,5,1,Petit retard (<1mois),3,1,2018,32.400000000000006,Marketing - Launch of new product,Norvege,Western Europe,Distributor,1,0,0,0,0,0,0,0,0,0
137,35,Phase 2 - Initiation,2018-04-01,195,200000,17,35,96,both,-99,0,En avance,4,2,2018,2.6153846153846154,Marketing - Launch of new product,Norvege,Western Europe,Distributor,0,1,0,0,0,0,0,0,0,0
138,35,Phase 3 - Implementation,2018-07-06,54,300000,11,35,77,both,23,1,Petit retard (<1mois),7,3,2018,6.111111111111111,Marketing - Launch of new product,Norvege,Western Europe,Distributor,0,0,1,0,0,0,0,0,0,0
139,35,Phase 4 - Manufacturing,2018-09-21,79,900000,26,35,122,both,43,1,Retard moyen (1-3mois),9,3,2018,9.873417721518987,Marketing - Launch of new product,Norvege,Western Europe,Distributor,0,0,0,1,0,0,0,0,0,0
140,36,Phase 1 - Planning,2018-02-25,54,50000,8,36,44,both,-10,0,En avance,2,1,2018,4.444444444444445,Marketing - Launch of new product,Portugal,Western Europe,Distributor,1,0,0,0,0,0,0,0,0,0
141,36,Phase 2 - Initiation,2018-07-13,66,100000,3,36,57,both,-9,0,En avance,7,3,2018,1.3636363636363638,Marketing - Launch of new product,Portugal,Western Europe,Distributor,0,1,0,0,0,0,0,0,0,0
142,36,Phase 3 - Implementation,2018-12-17,63,150000,25,36,144,both,81,1,Retard moyen (1-3mois),12,4,2018,11.904761904761903,Marketing - Launch of new product,Portugal,Western Europe,Distributor,0,0,1,0,0,0,0,0,0,0
143,36,Phase 4 - Manufacturing,2019-05-10,176,450000,26,36,74,both,-102,0,En avance,5,2,2019,4.431818181818182,Marketing - Launch of new product,Portugal,Western Europe,Distributor,0,0,0,1,0,0,0,0,0,0
144,37,Phase 1 - Planning,2018-01-24,19,50000,7,37,12,both,-7,0,En avance,1,1,2018,11.052631578947368,Marketing - Launch of new product,Pologne,Central/Eastern Europe-Middle East-Africa,Affiliate,1,0,0,0,0,0,0,0,0,0
145,37,Phase 2 - Initiation,2018-06-01,110,100000,11,37,75,both,-35,0,En avance,6,2,2018,3.0,Marketing - Launch of new product,Pologne,Central/Eastern Europe-Middle East-Africa,Affiliate,0,1,0,0,0,0,0,0,0,0
146,37,Phase 3 - Implementation,2018-08-15,137,150000,32,37,92,both,-45,0,En avance,8,3,2018,7.007299270072992,Marketing - Launch of new product,Pologne,Central/Eastern Europe-Middle East-Africa,Affiliate,0,0,1,0,0,0,0,0,0,0
147,37,Phase 4 - Manufacturing,2018-11-15,119,450000,8,37,78,both,-41,0,En avance,11,4,2018,2.0168067226890756,Marketing - Launch of new product,Pologne,Central/Eastern Europe-Middle East-Africa,Affiliate,0,0,0,1,0,0,0,0,0,0
148,38,Phase 1 - Planning,2018-04-22,135,50000,14,38,56,both,-79,0,En avance,4,2,2018,3.111111111111111,Marketing - Launch of new product,Grece,Western Europe,Affiliate,1,0,0,0,0,0,0,0,0,0
149,38,Phase 2 - Initiation,2018-05-30,48,100000,26,38,84,both,36,1,Retard moyen (1-3mois),5,2,2018,16.25,Marketing - Launch of new product,Grece,Western Europe,Affiliate,0,1,0,0,0,0,0,0,0,0
150,38,Phase 3 - Implementation,2018-08-22,171,150000,23,38,135,both,-36,0,En avance,8,3,2018,4.035087719298246,Marketing - Launch of new product,Grece,Western Europe,Affiliate,0,0,1,0,0,0,0,0,0,0
151,38,Phase 4 - Manufacturing,2019-01-04,47,450000,6,38,74,both,27,1,Petit retard (<1mois),1,1,2019,3.829787234042553,Marketing - Launch of new product,Grece,Western Europe,Affiliate,0,0,0,1,0,0,0,0,0,0
152,39,Phase 1 - Planning,2018-02-16,38,100000,31,39,16,both,-22,0,En avance,2,1,2018,24.473684210526315,Marketing - Launch of new product,Danemark,Western Europe,Distributor,1,0,0,0,0,0,0,0,0,0
153,39,Phase 2 - Initiation,2018-07-26,173,200000,19,39,148,both,-25,0,En avance,7,3,2018,3.294797687861272,Marketing - Launch of new product,Danemark,Western Europe,Distributor,0,1,0,0,0,0,0,0,0,0
154,39,Phase 3 - Implementation,2018-12-21,21,300000,11,39,12,both,-9,0,En avance,12,4,2018,15.714285714285715,Marketing - Launch of new product,Danemark,Western Europe,Distributor,0,0,1,0,0,0,0,0,0,0
155,39,Phase 4 - Manufacturing,2019-04-21,162,900000,9,39,172,both,10,1,Petit retard (<1mois),4,2,2019,1.6666666666666665,Marketing - Launch of new product,Danemark,Western Europe,Distributor,0,0,0,1,0,0,0,0,0,0
156,40,Phase 1 - Planning,2018-04-28,142,33300,27,40,198,both,56,1,Retard moyen (1-3mois),4,2,2018,5.704225352112676,Marketing - Launch of new product,Senegal,Central/Eastern Europe-Middle East-Africa,Distributor,1,0,0,0,0,0,0,0,0,0
157,40,Phase 2 - Initiation,2018-05-19,91,66700,18,40,121,both,30,1,Petit retard (<1mois),5,2,2018,5.934065934065933,Marketing - Launch of new product,Senegal,Central/Eastern Europe-Middle East-Africa,Distributor,0,1,0,0,0,0,0,0,0,0
158,40,Phase 3 - Implementation,2018-09-17,175,100000,20,40,90,both,-85,0,En avance,9,3,2018,3.4285714285714284,Marketing - Launch of new product,Senegal,Central/Eastern Europe-Middle East-Africa,Distributor,0,0,1,0,0,0,0,0,0,0
159,40,Phase 4 - Manufacturing,2018-12-16,54,300000,15,40,54,both,0,0,À l'heure,12,4,2018,8.333333333333334,Marketing - Launch of new product,Senegal,Central/Eastern Europe-Middle East-Africa,Distributor,0,0,0,1,0,0,0,0,0,0
160,41,Phase 1 - Planning,2018-05-05,53,100000,29,41,84,both,31,1,Retard moyen (1-3mois),5,2,2018,16.41509433962264,Marketing - Launch of new product,Slovaquie,Central/Eastern Europe-Middle East-Africa,Affiliate,1,0,0,0,0,0,0,0,0,0
161,41,Phase 2 - Initiation,2018-07-28,89,200000,32,41,100,both,11,1,Petit retard (<1mois),7,3,2018,10.786516853932584,Marketing - Launch of new product,Slovaquie,Central/Eastern Europe-Middle East-Africa,Affiliate,0,1,0,0,0,0,0,0,0,0
162,41,Phase 3 - Implementation,2018-08-18,74,300000,23,41,40,both,-34,0,En avance,8,3,2018,9.324324324324325,Marketing - Launch of new product,Slovaquie,Central/Eastern Europe-Middle East-Africa,Affiliate,0,0,1,0,0,0,0,0,0,0
163,41,Phase 4 - Manufacturing,2018-08-22,140,900000,6,41,48,both,-92,0,En avance,8,3,2018,1.2857142857142858,Marketing - Launch of new product,Slovaquie,Central/Eastern Europe-Middle East-Africa,Affiliate,0,0,0,1,0,0,0,0,0,0
164,42,Phase 1 - Planning,2018-05-27,194,50000,9,42,93,both,-101,0,En avance,5,2,2018,1.3917525773195876,Marketing - Launch of new product,Lituanie,Central/Eastern Europe-Middle East-Africa,Affiliate,1,0,0,0,0,0,0,0,0,0
165,42,Phase 2 - Initiation,2018-08-28,183,100000,29,42,86,both,-97,0,En avance,8,3,2018,4.754098360655738,Marketing - Launch of new product,Lituanie,Central/Eastern Europe-Middle East-Africa,Affiliate,0,1,0,0,0,0,0,0,0,0
166,42,Phase 3 - Implementation,2018-11-22,166,150000,13,42,63,both,-103,0,En avance,11,4,2018,2.3493975903614457,Marketing - Launch of new product,Lituanie,Central/Eastern Europe-Middle East-Africa,Affiliate,0,0,1,0,0,0,0,0,0,0
167,42,Phase 4 - Manufacturing,2019-01-24,33,450000,22,42,18,both,-15,0,En avance,1,1,2019,20.0,Marketing - Launch of new product,Lituanie,Central/Eastern Europe-Middle East-Africa,Affiliate,0,0,0,1,0,0,0,0,0,0
168,43,Phase 1 - Planning,2018-02-24,4,100000,14,43,9,both,5,1,Petit retard (<1mois),2,1,2018,105.0,Marketing - Launch of new product,Luxembourg,Western Europe,Affiliate,1,0,0,0,0,0,0,0,0,0
169,43,Phase 2 - Initiation,2018-05-18,151,200000,7,43,92,both,-59,0,En avance,5,2,2018,1.390728476821192,Marketing - Launch of new product,Luxembourg,Western Europe,Affiliate,0,1,0,0,0,0,0,0,0,0
170,43,Phase 3 - Implementation,2018-08-18,187,300000,7,43,129,both,-58,0,En avance,8,3,2018,1.122994652406417,Marketing - Launch of new product,Luxembourg,Western Europe,Affiliate,0,0,1,0,0,0,0,0,0,0
171,43,Phase 4 - Manufacturing,2018-12-25,81,900000,6,43,50,both,-31,0,En avance,12,4,2018,2.2222222222222223,Marketing - Launch of new product,Luxembourg,Western Europe,Affiliate,0,0,0,1,0,0,0,0,0,0
172,44,Phase 1 - Planning,2018-02-27,117,50000,8,44,56,both,-61,0,En avance,2,1,2018,2.0512820512820515,Marketing - Launch of new product,Jordanie,Central/Eastern Europe-Middle East-Africa,Distributor,1,0,0,0,0,0,0,0,0,0
173,44,Phase 2 - Initiation,2018-04-07,126,100000,6,44,102,both,-24,0,En avance,4,2,2018,1.4285714285714284,Marketing - Launch of new product,Jordanie,Central/Eastern Europe-Middle East-Africa,Distributor,0,1,0,0,0,0,0,0,0,0
174,44,Phase 3 - Implementation,2018-04-19,71,150000,10,44,166,both,95,1,Grand retard (>3mois),4,2,2018,4.225352112676057,Marketing - Launch of new product,Jordanie,Central/Eastern Europe-Middle East-Africa,Distributor,0,0,1,0,0,0,0,0,0,0
175,44,Phase 4 - Manufacturing,2018-10-02,113,450000,23,44,116,both,3,1,Petit retard (<1mois),10,4,2018,6.106194690265487,Marketing - Launch of new product,Jordanie,Central/Eastern Europe-Middle East-Africa,Distributor,0,0,0,1,0,0,0,0,0,0
176,45,Phase 1 - Planning,2018-04-25,139,33300,13,45,154,both,15,1,Petit retard (<1mois),4,2,2018,2.805755395683453,Marketing - Launch of new product,Gambie,Central/Eastern Europe-Middle East-Africa,Distributor,1,0,0,0,0,0,0,0,0,0
177,45,Phase 2 - Initiation,2018-09-26,193,66700,10,45,98,both,-95,0,En avance,9,3,2018,1.5544041450777202,Marketing - Launch of new product,Gambie,Central/Eastern Europe-Middle East-Africa,Distributor,0,1,0,0,0,0,0,0,0,0
178,45,Phase 3 - Implementation,2018-11-25,56,100000,28,45,51,both,-5,0,En avance,11,4,2018,15.0,Marketing - Launch of new product,Gambie,Central/Eastern Europe-Middle East-Africa,Distributor,0,0,1,0,0,0,0,0,0,0
179,45,Phase 4 - Manufacturing,2019-01-15,149,300000,28,45,56,both,-93,0,En avance,1,1,2019,5.6375838926174495,Marketing - Launch of new product,Gambie,Central/Eastern Europe-Middle East-Africa,Distributor,0,0,0,1,0,0,0,0,0,0
180,46,Phase 1 - Planning,2018-04-20,10,50000,17,46,12,both,2,1,Petit retard (<1mois),4,2,2018,51.0,Marketing - Launch of new product,Macedoine,Central/Eastern Europe-Middle East-Africa,Distributor,1,0,0,0,0,0,0,0,0,0
181,46,Phase 2 - Initiation,2018-08-27,60,100000,19,46,17,both,-43,0,En avance,8,3,2018,9.5,Marketing - Launch of new product,Macedoine,Central/Eastern Europe-Middle East-Africa,Distributor,0,1,0,0,0,0,0,0,0,0
182,46,Phase 3 - Implementation,2019-02-19,184,150000,31,46,106,both,-78,0,En avance,2,1,2019,5.054347826086956,Marketing - Launch of new product,Macedoine,Central/Eastern Europe-Middle East-Africa,Distributor,0,0,1,0,0,0,0,0,0,0
183,46,Phase 4 - Manufacturing,2019-06-05,200,450000,7,46,90,both,-110,0,En avance,6,2,2019,1.05,Marketing - Launch of new product,Macedoine,Central/Eastern Europe-Middle East-Africa,Distributor,0,0,0,1,0,0,0,0,0,0
184,47,Phase 1 - Planning,2018-01-31,54,33300,32,47,40,both,-14,0,En avance,1,1,2018,17.77777777777778,Marketing - Launch of new product,Niger,Central/Eastern Europe-Middle East-Africa,Distributor,1,0,0,0,0,0,0,0,0,0
185,47,Phase 2 - Initiation,2018-03-12,152,66700,25,47,180,both,28,1,Petit retard (<1mois),3,1,2018,4.934210526315789,Marketing - Launch of new product,Niger,Central/Eastern Europe-Middle East-Africa,Distributor,0,1,0,0,0,0,0,0,0,0
186,47,Phase 3 - Implementation,2018-09-08,90,100000,28,47,87,both,-3,0,En avance,9,3,2018,9.333333333333334,Marketing - Launch of new product,Niger,Central/Eastern Europe-Middle East-Africa,Distributor,0,0,1,0,0,0,0,0,0,0
187,47,Phase 4 - Manufacturing,2018-12-04,49,300000,9,47,40,both,-9,0,En avance,12,4,2018,5.510204081632653,Marketing - Launch of new product,Niger,Central/Eastern Europe-Middle East-Africa,Distributor,0,0,0,1,0,0,0,0,0,0
188,48,Phase 1 - Planning,2018-04-08,66,100000,24,48,27,both,-39,0,En avance,4,2,2018,10.90909090909091,Marketing - Launch of new product,Slovenie,Central/Eastern Europe-Middle East-Africa,Affiliate,1,0,0,0,0,0,0,0,0,0
189,48,Phase 2 - Initiation,2018-05-05,110,200000,27,48,90,both,-20,0,En avance,5,2,2018,7.363636363636363,Marketing - Launch of new product,Slovenie,Central/Eastern Europe-Middle East-Africa,Affiliate,0,1,0,0,0,0,0,0,0,0
190,48,Phase 3 - Implementation,2018-08-03,178,300000,11,48,119,both,-59,0,En avance,8,3,2018,1.8539325842696628,Marketing - Launch of new product,Slovenie,Central/Eastern Europe-Middle East-Africa,Affiliate,0,0,1,0,0,0,0,0,0,0
191,48,Phase 4 - Manufacturing,2018-08-22,167,900000,32,48,133,both,-34,0,En avance,8,3,2018,5.748502994011976,Marketing - Launch of new product,Slovenie,Central/Eastern Europe-Middle East-Africa,Affiliate,0,0,0,1,0,0,0,0,0,0
192,49,Phase 1 - Planning,2018-04-19,30,50000,32,49,17,both,-13,0,En avance,4,2,2018,32.0,Marketing - Launch of new product,Ile Maurice,Central/Eastern Europe-Middle East-Africa,Distributor,1,0,0,0,0,0,0,0,0,0
193,49,Phase 2 - Initiation,2018-10-08,84,100000,27,49,41,both,-43,0,En avance,10,4,2018,9.642857142857144,Marketing - Launch of new product,Ile Maurice,Central/Eastern Europe-Middle East-Africa,Distributor,0,1,0,0,0,0,0,0,0,0
194,49,Phase 3 - Implementation,2018-11-18,186,150000,31,49,70,both,-116,0,En avance,11,4,2018,5.0,Marketing - Launch of new product,Ile Maurice,Central/Eastern Europe-Middle East-Africa,Distributor,0,0,1,0,0,0,0,0,0,0
195,49,Phase 4 - Manufacturing,2019-01-27,86,450000,24,49,39,both,-47,0,En avance,1,1,2019,8.372093023255815,Marketing - Launch of new product,Ile Maurice,Central/Eastern Europe-Middle East-Africa,Distributor,0,0,0,1,0,0,0,0,0,0
196,50,Phase 1 - Planning,2018-05-27,158,50000,12,50,62,both,-96,0,En avance,5,2,2018,2.278481012658228,Marketing - Launch of new product,Serbie,Central/Eastern Europe-Middle East-Africa,Affiliate,1,0,0,0,0,0,0,0,0,0
197,50,Phase 2 - Initiation,2018-07-28,136,100000,25,50,56,both,-80,0,En avance,7,3,2018,5.514705882352942,Marketing - Launch of new product,Serbie,Central/Eastern Europe-Middle East-Africa,Affiliate,0,1,0,0,0,0,0,0,0,0
198,50,Phase 3 - Implementation,2018-09-22,121,150000,19,50,40,both,-81,0,En avance,9,3,2018,4.710743801652892,Marketing - Launch of new product,Serbie,Central/Eastern Europe-Middle East-Africa,Affiliate,0,0,1,0,0,0,0,0,0,0
199,50,Phase 4 - Manufacturing,2018-11-01,129,450000,10,50,118,both,-11,0,En avance,11,4,2018,2.3255813953488373,Marketing - Launch of new product,Serbie,Central/Eastern Europe-Middle East-Africa,Affiliate,0,0,0,1,0,0,0,0,0,0
200,51,Phase 1 - Planning,2018-02-05,129,100000,12,51,108,both,-21,0,En avance,2,1,2018,2.7906976744186047,Marketing - Launch of new product,Suede,Western Europe,Distributor,1,0,0,0,0,0,0,0,0,0
201,51,Phase 2 - Initiation,2018-05-24,138,200000,6,51,56,both,-82,0,En avance,5,2,2018,1.3043478260869565,Marketing - Launch of new product,Suede,Western Europe,Distributor,0,1,0,0,0,0,0,0,0,0
202,51,Phase 3 - Implementation,2018-07-06,31,300000,7,51,15,both,-16,0,En avance,7,3,2018,6.774193548387097,Marketing - Launch of new product,Suede,Western Europe,Distributor,0,0,1,0,0,0,0,0,0,0
203,51,Phase 4 - Manufacturing,2018-12-11,76,900000,28,51,133,both,57,1,Retard moyen (1-3mois),12,4,2018,11.052631578947368,Marketing - Launch of new product,Suede,Western Europe,Distributor,0,0,0,1,0,0,0,0,0,0
204,52,Phase A - Initiation,2020-03-12,139,700,26,52,109,both,-30,0,En avance,3,1,2020,5.611510791366906,IT -  CRM Implementation,France,Western Europe,Affiliate,0,0,0,0,1,0,0,0,0,0
205,52,Phase B - Preparation,2020-06-29,157,16100,24,52,136,both,-21,0,En avance,6,2,2020,4.585987261146497,IT -  CRM Implementation,France,Western Europe,Affiliate,0,0,0,0,0,1,0,0,0,0
206,52,Phase C - Development,2020-08-04,9,21000,23,52,13,both,4,1,Petit retard (<1mois),8,3,2020,76.66666666666666,IT -  CRM Implementation,France,Western Europe,Affiliate,0,0,0,0,0,0,1,0,0,0
207,52,Phase D - Testing,2020-12-19,48,5600,25,52,58,both,10,1,Petit retard (<1mois),12,4,2020,15.625000000000002,IT -  CRM Implementation,France,Western Europe,Affiliate,0,0,0,0,0,0,0,1,0,0
208,52,Phase E - Deployment,2021-03-14,161,115000,5,52,114,both,-47,0,En avance,3,1,2021,0.9316770186335404,IT -  CRM Implementation,France,Western Europe,Affiliate,0,0,0,0,0,0,0,0,1,0
209,52,Phase F - Post-deployment,2021-07-06,26,2800,7,52,36,both,10,1,Petit retard (<1mois),7,3,2021,8.076923076923077,IT -  CRM Implementation,France,Western Europe,Affiliate,0,0,0,0,0,0,0,0,0,1
210,53,Phase A - Initiation,2020-04-23,38,700,10,53,44,both,6,1,Petit retard (<1mois),4,2,2020,7.894736842105263,IT -  CRM Implementation,Belgique,Western Europe,Affiliate,0,0,0,0,1,0,0,0,0,0
211,53,Phase B - Preparation,2020-06-06,61,16100,31,53,78,both,17,1,Petit retard (<1mois),6,2,2020,15.245901639344263,IT -  CRM Implementation,Belgique,Western Europe,Affiliate,0,0,0,0,0,1,0,0,0,0
212,53,Phase C - Development,2020-10-11,39,21000,8,53,70,both,31,1,Retard moyen (1-3mois),10,4,2020,6.153846153846153,IT -  CRM Implementation,Belgique,Western Europe,Affiliate,0,0,0,0,0,0,1,0,0,0
213,53,Phase D - Testing,2020-12-30,15,5600,20,53,26,both,11,1,Petit retard (<1mois),12,4,2020,40.0,IT -  CRM Implementation,Belgique,Western Europe,Affiliate,0,0,0,0,0,0,0,1,0,0
214,53,Phase E - Deployment,2021-02-14,124,80000,28,53,128,both,4,1,Petit retard (<1mois),2,1,2021,6.774193548387097,IT -  CRM Implementation,Belgique,Western Europe,Affiliate,0,0,0,0,0,0,0,0,1,0
215,53,Phase F - Post-deployment,2021-06-21,111,2800,25,53,106,both,-5,0,En avance,6,2,2021,6.756756756756757,IT -  CRM Implementation,Belgique,Western Europe,Affiliate,0,0,0,0,0,0,0,0,0,1
216,54,Phase A - Initiation,2020-05-20,173,700,10,54,281,both,108,1,Grand retard (>3mois),5,2,2020,1.7341040462427746,IT -  CRM Implementation,Hollande,Western Europe,Affiliate,0,0,0,0,1,0,0,0,0,0
217,54,Phase B - Preparation,2020-06-17,29,16100,30,54,52,both,23,1,Petit retard (<1mois),6,2,2020,31.03448275862069,IT -  CRM Implementation,Hollande,Western Europe,Affiliate,0,0,0,0,0,1,0,0,0,0
218,54,Phase C - Development,2020-11-16,64,21000,4,54,69,both,5,1,Petit retard (<1mois),11,4,2020,1.875,IT -  CRM Implementation,Hollande,Western Europe,Affiliate,0,0,0,0,0,0,1,0,0,0
219,54,Phase D - Testing,2021-01-24,173,5600,17,54,153,both,-20,0,En avance,1,1,2021,2.947976878612717,IT -  CRM Implementation,Hollande,Western Europe,Affiliate,0,0,0,0,0,0,0,1,0,0
220,54,Phase E - Deployment,2021-06-25,52,50000,12,54,79,both,27,1,Petit retard (<1mois),6,2,2021,6.923076923076923,IT -  CRM Implementation,Hollande,Western Europe,Affiliate,0,0,0,0,0,0,0,0,1,0
221,54,Phase F - Post-deployment,2021-09-12,184,2800,20,54,157,both,-27,0,En avance,9,3,2021,3.260869565217391,IT -  CRM Implementation,Hollande,Western Europe,Affiliate,0,0,0,0,0,0,0,0,0,1
222,55,Phase A - Initiation,2020-01-15,68,700,29,55,44,both,-24,0,En avance,1,1,2020,12.794117647058822,IT -  CRM Implementation,Luxembourg,Western Europe,Affiliate,0,0,0,0,1,0,0,0,0,0
223,55,Phase B - Preparation,2020-02-28,161,16100,7,55,139,both,-22,0,En avance,2,1,2020,1.3043478260869565,IT -  CRM Implementation,Luxembourg,Western Europe,Affiliate,0,0,0,0,0,1,0,0,0,0
224,55,Phase C - Development,2020-07-17,66,21000,9,55,31,both,-35,0,En avance,7,3,2020,4.090909090909091,IT -  CRM Implementation,Luxembourg,Western Europe,Affiliate,0,0,0,0,0,0,1,0,0,0
225,55,Phase D - Testing,2020-08-17,153,5600,7,55,84,both,-69,0,En avance,8,3,2020,1.3725490196078431,IT -  CRM Implementation,Luxembourg,Western Europe,Affiliate,0,0,0,0,0,0,0,1,0,0
226,55,Phase E - Deployment,2020-10-20,83,58000,26,55,89,both,6,1,Petit retard (<1mois),10,4,2020,9.397590361445783,IT -  CRM Implementation,Luxembourg,Western Europe,Affiliate,0,0,0,0,0,0,0,0,1,0
227,55,Phase F - Post-deployment,2021-01-17,19,2800,6,55,12,both,-7,0,En avance,1,1,2021,9.473684210526315,IT -  CRM Implementation,Luxembourg,Western Europe,Affiliate,0,0,0,0,0,0,0,0,0,1
228,56,Phase A - Initiation,2020-02-07,154,700,8,56,81,both,-73,0,En avance,2,1,2020,1.5584415584415585,IT -  CRM Implementation,Italie,Western Europe,Affiliate,0,0,0,0,1,0,0,0,0,0
229,56,Phase B - Preparation,2020-02-15,47,16100,32,56,56,both,9,1,Petit retard (<1mois),2,1,2020,20.425531914893618,IT -  CRM Implementation,Italie,Western Europe,Affiliate,0,0,0,0,0,1,0,0,0,0
230,56,Phase C - Development,2020-05-28,95,21000,4,56,116,both,21,1,Petit retard (<1mois),5,2,2020,1.263157894736842,IT -  CRM Implementation,Italie,Western Europe,Affiliate,0,0,0,0,0,0,1,0,0,0
231,56,Phase D - Testing,2020-09-21,12,5600,17,56,9,both,-3,0,En avance,9,3,2020,42.5,IT -  CRM Implementation,Italie,Western Europe,Affiliate,0,0,0,0,0,0,0,1,0,0
232,56,Phase E - Deployment,2020-12-23,160,33000,4,56,174,both,14,1,Petit retard (<1mois),12,4,2020,0.75,IT -  CRM Implementation,Italie,Western Europe,Affiliate,0,0,0,0,0,0,0,0,1,0
233,56,Phase F - Post-deployment,2021-06-14,124,2800,5,56,153,both,29,1,Petit retard (<1mois),6,2,2021,1.2096774193548387,IT -  CRM Implementation,Italie,Western Europe,Affiliate,0,0,0,0,0,0,0,0,0,1
234,57,Phase A - Initiation,2020-05-04,157,700,13,57,165,both,8,1,Petit retard (<1mois),5,2,2020,2.484076433121019,IT -  CRM Implementation,Japon,Asia Pacific,Affiliate,0,0,0,0,1,0,0,0,0,0
235,57,Phase B - Preparation,2020-10-16,117,16100,7,57,125,both,8,1,Petit retard (<1mois),10,4,2020,1.794871794871795,IT -  CRM Implementation,Japon,Asia Pacific,Affiliate,0,0,0,0,0,1,0,0,0,0
236,57,Phase C - Development,2021-03-30,127,21000,13,57,133,both,6,1,Petit retard (<1mois),3,1,2021,3.0708661417322833,IT -  CRM Implementation,Japon,Asia Pacific,Affiliate,0,0,0,0,0,0,1,0,0,0
237,57,Phase D - Testing,2021-05-02,25,5600,9,57,29,both,4,1,Petit retard (<1mois),5,2,2021,10.799999999999999,IT -  CRM Implementation,Japon,Asia Pacific,Affiliate,0,0,0,0,0,0,0,1,0,0
238,57,Phase E - Deployment,2021-09-08,65,32000,26,57,56,both,-9,0,En avance,9,3,2021,12.0,IT -  CRM Implementation,Japon,Asia Pacific,Affiliate,0,0,0,0,0,0,0,0,1,0
239,57,Phase F - Post-deployment,2021-11-03,200,2800,5,57,88,both,-112,0,En avance,11,4,2021,0.75,IT -  CRM Implementation,Japon,Asia Pacific,Affiliate,0,0,0,0,0,0,0,0,0,1
240,58,Phase A - Initiation,2020-04-07,33,700,21,58,65,both,32,1,Retard moyen (1-3mois),4,2,2020,19.09090909090909,IT -  CRM Implementation,Espagne,Western Europe,Affiliate,0,0,0,0,1,0,0,0,0,0
241,58,Phase B - Preparation,2020-06-21,73,16100,24,58,103,both,30,1,Petit retard (<1mois),6,2,2020,9.863013698630137,IT -  CRM Implementation,Espagne,Western Europe,Affiliate,0,0,0,0,0,1,0,0,0,0
242,58,Phase C - Development,2020-10-02,187,21000,13,58,147,both,-40,0,En avance,10,4,2020,2.085561497326203,IT -  CRM Implementation,Espagne,Western Europe,Affiliate,0,0,0,0,0,0,1,0,0,0
243,58,Phase D - Testing,2021-02-26,153,5600,25,58,77,both,-76,0,En avance,2,1,2021,4.901960784313726,IT -  CRM Implementation,Espagne,Western Europe,Affiliate,0,0,0,0,0,0,0,1,0,0
244,58,Phase E - Deployment,2021-05-13,36,73000,4,58,36,both,0,0,À l'heure,5,2,2021,3.333333333333333,IT -  CRM Implementation,Espagne,Western Europe,Affiliate,0,0,0,0,0,0,0,0,1,0
245,58,Phase F - Post-deployment,2021-09-26,183,2800,30,58,159,both,-24,0,En avance,9,3,2021,4.918032786885245,IT -  CRM Implementation,Espagne,Western Europe,Affiliate,0,0,0,0,0,0,0,0,0,1
246,59,Phase A - Initiation,2020-03-07,18,400,6,59,28,both,10,1,Petit retard (<1mois),3,1,2020,10.0,IT -  CRM Implementation,Hongrie,Central/Eastern Europe-Middle East-Africa,Affiliate,0,0,0,0,1,0,0,0,0,0
247,59,Phase B - Preparation,2020-05-29,42,8100,5,59,32,both,-10,0,En avance,5,2,2020,3.571428571428571,IT -  CRM Implementation,Hongrie,Central/Eastern Europe-Middle East-Africa,Affiliate,0,0,0,0,0,1,0,0,0,0
248,59,Phase C - Development,2020-06-30,42,10500,26,59,38,both,-4,0,En avance,6,2,2020,18.571428571428573,IT -  CRM Implementation,Hongrie,Central/Eastern Europe-Middle East-Africa,Affiliate,0,0,0,0,0,0,1,0,0,0
249,59,Phase D - Testing,2020-11-15,121,2800,14,59,129,both,8,1,Petit retard (<1mois),11,4,2020,3.4710743801652892,IT -  CRM Implementation,Hongrie,Central/Eastern Europe-Middle East-Africa,Affiliate,0,0,0,0,0,0,0,1,0,0
250,59,Phase E - Deployment,2021-03-23,85,59000,30,59,124,both,39,1,Retard moyen (1-3mois),3,1,2021,10.588235294117649,IT -  CRM Implementation,Hongrie,Central/Eastern Europe-Middle East-Africa,Affiliate,0,0,0,0,0,0,0,0,1,0
251,59,Phase F - Post-deployment,2021-07-25,7,1400,11,59,15,both,8,1,Petit retard (<1mois),7,3,2021,47.14285714285714,IT -  CRM Implementation,Hongrie,Central/Eastern Europe-Middle East-Africa,Affiliate,0,0,0,0,0,0,0,0,0,1
252,60,Phase A - Initiation,2020-03-03,177,400,14,60,85,both,-92,0,En avance,3,1,2020,2.3728813559322037,IT -  CRM Implementation,Pologne,Central/Eastern Europe-Middle East-Africa,Affiliate,0,0,0,0,1,0,0,0,0,0
253,60,Phase B - Preparation,2020-05-27,30,8100,10,60,58,both,28,1,Petit retard (<1mois),5,2,2020,10.0,IT -  CRM Implementation,Pologne,Central/Eastern Europe-Middle East-Africa,Affiliate,0,0,0,0,0,1,0,0,0,0
254,60,Phase C - Development,2020-11-01,80,10500,17,60,59,both,-21,0,En avance,11,4,2020,6.375,IT -  CRM Implementation,Pologne,Central/Eastern Europe-Middle East-Africa,Affiliate,0,0,0,0,0,0,1,0,0,0
255,60,Phase D - Testing,2021-04-08,169,2800,8,60,175,both,6,1,Petit retard (<1mois),4,2,2021,1.4201183431952662,IT -  CRM Implementation,Pologne,Central/Eastern Europe-Middle East-Africa,Affiliate,0,0,0,0,0,0,0,1,0,0
256,60,Phase E - Deployment,2021-09-30,94,43000,29,60,128,both,34,1,Retard moyen (1-3mois),9,3,2021,9.25531914893617,IT -  CRM Implementation,Pologne,Central/Eastern Europe-Middle East-Africa,Affiliate,0,0,0,0,0,0,0,0,1,0
257,60,Phase F - Post-deployment,2021-10-28,151,1400,29,60,146,both,-5,0,En avance,10,4,2021,5.7615894039735105,IT -  CRM Implementation,Pologne,Central/Eastern Europe-Middle East-Africa,Affiliate,0,0,0,0,0,0,0,0,0,1
258,61,Phase A - Initiation,2020-01-05,122,700,27,61,130,both,8,1,Petit retard (<1mois),1,1,2020,6.639344262295082,IT -  CRM Implementation,Republique Chèque,Central/Eastern Europe-Middle East-Africa,Affiliate,0,0,0,0,1,0,0,0,0,0
259,61,Phase B - Preparation,2020-02-04,65,16100,8,61,49,both,-16,0,En avance,2,1,2020,3.6923076923076925,IT -  CRM Implementation,Republique Chèque,Central/Eastern Europe-Middle East-Africa,Affiliate,0,0,0,0,0,1,0,0,0,0
260,61,Phase C - Development,2020-07-03,109,21000,23,61,144,both,35,1,Retard moyen (1-3mois),7,3,2020,6.330275229357799,IT -  CRM Implementation,Republique Chèque,Central/Eastern Europe-Middle East-Africa,Affiliate,0,0,0,0,0,0,1,0,0,0
261,61,Phase D - Testing,2020-07-07,1,5600,2,61,6,both,5,1,Petit retard (<1mois),7,3,2020,60.0,IT -  CRM Implementation,Republique Chèque,Central/Eastern Europe-Middle East-Africa,Affiliate,0,0,0,0,0,0,0,1,0,0
262,61,Phase E - Deployment,2020-07-13,99,47000,12,61,67,both,-32,0,En avance,7,3,2020,3.6363636363636367,IT -  CRM Implementation,Republique Chèque,Central/Eastern Europe-Middle East-Africa,Affiliate,0,0,0,0,0,0,0,0,1,0
263,61,Phase F - Post-deployment,2020-09-18,82,2800,27,61,99,both,17,1,Petit retard (<1mois),9,3,2020,9.878048780487806,IT -  CRM Implementation,Republique Chèque,Central/Eastern Europe-Middle East-Africa,Affiliate,0,0,0,0,0,0,0,0,0,1
264,62,Phase A - Initiation,2020-01-30,18,700,5,62,31,both,13,1,Petit retard (<1mois),1,1,2020,8.333333333333334,IT -  CRM Implementation,Slovaquie,Central/Eastern Europe-Middle East-Africa,Affiliate,0,0,0,0,1,0,0,0,0,0
265,62,Phase B - Preparation,2020-03-06,94,16100,6,62,113,both,19,1,Petit retard (<1mois),3,1,2020,1.9148936170212765,IT -  CRM Implementation,Slovaquie,Central/Eastern Europe-Middle East-Africa,Affiliate,0,0,0,0,0,1,0,0,0,0
266,62,Phase C - Development,2020-03-09,151,21000,7,62,77,both,-74,0,En avance,3,1,2020,1.390728476821192,IT -  CRM Implementation,Slovaquie,Central/Eastern Europe-Middle East-Africa,Affiliate,0,0,0,0,0,0,1,0,0,0
267,62,Phase D - Testing,2020-05-25,106,5600,15,62,57,both,-49,0,En avance,5,2,2020,4.245283018867925,IT -  CRM Implementation,Slovaquie,Central/Eastern Europe-Middle East-Africa,Affiliate,0,0,0,0,0,0,0,1,0,0
268,62,Phase E - Deployment,2020-07-21,31,54000,18,62,50,both,19,1,Petit retard (<1mois),7,3,2020,17.41935483870968,IT -  CRM Implementation,Slovaquie,Central/Eastern Europe-Middle East-Africa,Affiliate,0,0,0,0,0,0,0,0,1,0
269,62,Phase F - Post-deployment,2020-10-09,31,2800,12,62,36,both,5,1,Petit retard (<1mois),10,4,2020,11.612903225806452,IT -  CRM Implementation,Slovaquie,Central/Eastern Europe-Middle East-Africa,Affiliate,0,0,0,0,0,0,0,0,0,1
270,63,Phase A - Initiation,2020-03-07,60,700,19,63,28,both,-32,0,En avance,3,1,2020,9.5,IT -  CRM Implementation,Allemagne,Western Europe,Affiliate,0,0,0,0,1,0,0,0,0,0
271,63,Phase B - Preparation,2020-04-04,4,16100,7,63,12,both,8,1,Petit retard (<1mois),4,2,2020,52.5,IT -  CRM Implementation,Allemagne,Western Europe,Affiliate,0,0,0,0,0,1,0,0,0,0
272,63,Phase C - Development,2020-08-05,153,21000,17,63,143,both,-10,0,En avance,8,3,2020,3.333333333333333,IT -  CRM Implementation,Allemagne,Western Europe,Affiliate,0,0,0,0,0,0,1,0,0,0
273,63,Phase D - Testing,2020-12-26,85,5600,15,63,129,both,44,1,Retard moyen (1-3mois),12,4,2020,5.294117647058824,IT -  CRM Implementation,Allemagne,Western Europe,Affiliate,0,0,0,0,0,0,0,1,0,0
274,63,Phase E - Deployment,2021-01-24,176,32000,10,63,138,both,-38,0,En avance,1,1,2021,1.7045454545454546,IT -  CRM Implementation,Allemagne,Western Europe,Affiliate,0,0,0,0,0,0,0,0,1,0
275,63,Phase F - Post-deployment,2021-03-02,104,2800,15,63,121,both,17,1,Petit retard (<1mois),3,1,2021,4.326923076923077,IT -  CRM Implementation,Allemagne,Western Europe,Affiliate,0,0,0,0,0,0,0,0,0,1
276,64,Phase A - Initiation,2020-01-17,63,400,4,64,71,both,8,1,Petit retard (<1mois),1,1,2020,1.9047619047619047,IT -  CRM Implementation,Serbie,Central/Eastern Europe-Middle East-Africa,Affiliate,0,0,0,0,1,0,0,0,0,0
277,64,Phase B - Preparation,2020-03-29,16,8100,25,64,12,both,-4,0,En avance,3,1,2020,46.875,IT -  CRM Implementation,Serbie,Central/Eastern Europe-Middle East-Africa,Affiliate,0,0,0,0,0,1,0,0,0,0
278,64,Phase C - Development,2020-08-03,198,10500,24,64,124,both,-74,0,En avance,8,3,2020,3.6363636363636367,IT -  CRM Implementation,Serbie,Central/Eastern Europe-Middle East-Africa,Affiliate,0,0,0,0,0,0,1,0,0,0
279,64,Phase D - Testing,2020-08-27,176,2800,28,64,119,both,-57,0,En avance,8,3,2020,4.7727272727272725,IT -  CRM Implementation,Serbie,Central/Eastern Europe-Middle East-Africa,Affiliate,0,0,0,0,0,0,0,1,0,0
280,64,Phase E - Deployment,2020-12-24,166,67000,23,64,165,both,-1,0,En avance,12,4,2020,4.156626506024097,IT -  CRM Implementation,Serbie,Central/Eastern Europe-Middle East-Africa,Affiliate,0,0,0,0,0,0,0,0,1,0
281,64,Phase F - Post-deployment,2021-06-06,193,1400,27,64,105,both,-88,0,En avance,6,2,2021,4.196891191709844,IT -  CRM Implementation,Serbie,Central/Eastern Europe-Middle East-Africa,Affiliate,0,0,0,0,0,0,0,0,0,1
282,65,Phase A - Initiation,2020-05-24,104,400,14,65,107,both,3,1,Petit retard (<1mois),5,2,2020,4.038461538461538,IT -  CRM Implementation,Croatie,Central/Eastern Europe-Middle East-Africa,Affiliate,0,0,0,0,1,0,0,0,0,0
283,65,Phase B - Preparation,2020-09-08,173,8100,27,65,123,both,-50,0,En avance,9,3,2020,4.682080924855492,IT -  CRM Implementation,Croatie,Central/Eastern Europe-Middle East-Africa,Affiliate,0,0,0,0,0,1,0,0,0,0
284,65,Phase C - Development,2021-01-09,8,10500,10,65,8,both,0,0,À l'heure,1,1,2021,37.5,IT -  CRM Implementation,Croatie,Central/Eastern Europe-Middle East-Africa,Affiliate,0,0,0,0,0,0,1,0,0,0
285,65,Phase D - Testing,2021-04-01,14,2800,10,65,26,both,12,1,Petit retard (<1mois),4,2,2021,21.42857142857143,IT -  CRM Implementation,Croatie,Central/Eastern Europe-Middle East-Africa,Affiliate,0,0,0,0,0,0,0,1,0,0
286,65,Phase E - Deployment,2021-05-27,29,25000,25,65,53,both,24,1,Petit retard (<1mois),5,2,2021,25.86206896551724,IT -  CRM Implementation,Croatie,Central/Eastern Europe-Middle East-Africa,Affiliate,0,0,0,0,0,0,0,0,1,0
287,65,Phase F - Post-deployment,2021-10-27,114,1400,19,65,161,both,47,1,Retard moyen (1-3mois),10,4,2021,5.0,IT -  CRM Implementation,Croatie,Central/Eastern Europe-Middle East-Africa,Affiliate,0,0,0,0,0,0,0,0,0,1
288,66,Phase A - Initiation,2020-01-02,20,700,21,66,13,both,-7,0,En avance,1,1,2020,31.5,IT -  CRM Implementation,Slovenie,Central/Eastern Europe-Middle East-Africa,Affiliate,0,0,0,0,1,0,0,0,0,0
289,66,Phase B - Preparation,2020-05-13,160,16100,13,66,57,both,-103,0,En avance,5,2,2020,2.4375,IT -  CRM Implementation,Slovenie,Central/Eastern Europe-Middle East-Africa,Affiliate,0,0,0,0,0,1,0,0,0,0
290,66,Phase C - Development,2020-07-09,79,21000,30,66,60,both,-19,0,En avance,7,3,2020,11.39240506329114,IT -  CRM Implementation,Slovenie,Central/Eastern Europe-Middle East-Africa,Affiliate,0,0,0,0,0,0,1,0,0,0
291,66,Phase D - Testing,2020-12-16,129,5600,24,66,148,both,19,1,Petit retard (<1mois),12,4,2020,5.5813953488372094,IT -  CRM Implementation,Slovenie,Central/Eastern Europe-Middle East-Africa,Affiliate,0,0,0,0,0,0,0,1,0,0
292,66,Phase E - Deployment,2021-05-12,135,44000,18,66,140,both,5,1,Petit retard (<1mois),5,2,2021,4.0,IT -  CRM Implementation,Slovenie,Central/Eastern Europe-Middle East-Africa,Affiliate,0,0,0,0,0,0,0,0,1,0
293,66,Phase F - Post-deployment,2021-09-29,195,2800,29,66,93,both,-102,0,En avance,9,3,2021,4.461538461538462,IT -  CRM Implementation,Slovenie,Central/Eastern Europe-Middle East-Africa,Affiliate,0,0,0,0,0,0,0,0,0,1
294,67,Phase A - Initiation,2020-01-05,14,400,32,67,7,both,-7,0,En avance,1,1,2020,68.57142857142857,IT -  CRM Implementation,Macedoine,Central/Eastern Europe-Middle East-Africa,Distributor,0,0,0,0,1,0,0,0,0,0
295,67,Phase B - Preparation,2020-01-12,69,8100,17,67,35,both,-34,0,En avance,1,1,2020,7.391304347826087,IT -  CRM Implementation,Macedoine,Central/Eastern Europe-Middle East-Africa,Distributor,0,0,0,0,0,1,0,0,0,0
296,67,Phase C - Development,2020-02-16,144,10500,16,67,63,both,-81,0,En avance,2,1,2020,3.333333333333333,IT -  CRM Implementation,Macedoine,Central/Eastern Europe-Middle East-Africa,Distributor,0,0,0,0,0,0,1,0,0,0
297,67,Phase D - Testing,2020-04-20,140,2800,24,67,96,both,-44,0,En avance,4,2,2020,5.142857142857143,IT -  CRM Implementation,Macedoine,Central/Eastern Europe-Middle East-Africa,Distributor,0,0,0,0,0,0,0,1,0,0
298,67,Phase E - Deployment,2020-07-25,135,75000,27,67,131,both,-4,0,En avance,7,3,2020,6.0,IT -  CRM Implementation,Macedoine,Central/Eastern Europe-Middle East-Africa,Distributor,0,0,0,0,0,0,0,0,1,0
299,67,Phase F - Post-deployment,2020-09-11,79,1400,7,67,89,both,10,1,Petit retard (<1mois),9,3,2020,2.6582278481012658,IT -  CRM Implementation,Macedoine,Central/Eastern Europe-Middle East-Africa,Distributor,0,0,0,0,0,0,0,0,0,1
300,68,Phase A - Initiation,2020-01-23,141,400,4,68,159,both,18,1,Petit retard (<1mois),1,1,2020,0.851063829787234,IT -  CRM Implementation,Albanie,Central/Eastern Europe-Middle East-Africa,Distributor,0,0,0,0,1,0,0,0,0,0
301,68,Phase B - Preparation,2020-07-01,164,8100,13,68,128,both,-36,0,En avance,7,3,2020,2.3780487804878048,IT -  CRM Implementation,Albanie,Central/Eastern Europe-Middle East-Africa,Distributor,0,0,0,0,0,1,0,0,0,0
302,68,Phase C - Development,2020-07-19,70,10500,10,68,54,both,-16,0,En avance,7,3,2020,4.285714285714286,IT -  CRM Implementation,Albanie,Central/Eastern Europe-Middle East-Africa,Distributor,0,0,0,0,0,0,1,0,0,0
303,68,Phase D - Testing,2020-09-11,132,2800,4,68,66,both,-66,0,En avance,9,3,2020,0.9090909090909092,IT -  CRM Implementation,Albanie,Central/Eastern Europe-Middle East-Africa,Distributor,0,0,0,0,0,0,0,1,0,0
304,68,Phase E - Deployment,2020-11-16,92,36000,3,68,120,both,28,1,Petit retard (<1mois),11,4,2020,0.9782608695652174,IT -  CRM Implementation,Albanie,Central/Eastern Europe-Middle East-Africa,Distributor,0,0,0,0,0,0,0,0,1,0
305,68,Phase F - Post-deployment,2021-03-15,109,1400,22,68,71,both,-38,0,En avance,3,1,2021,6.055045871559633,IT -  CRM Implementation,Albanie,Central/Eastern Europe-Middle East-Africa,Distributor,0,0,0,0,0,0,0,0,0,1
306,69,Phase A - Initiation,2020-05-31,197,700,14,69,81,both,-116,0,En avance,5,2,2020,2.1319796954314723,IT -  CRM Implementation,Chine,Asia Pacific,Distributor,0,0,0,0,1,0,0,0,0,0
307,69,Phase B - Preparation,2020-08-20,193,16100,28,69,134,both,-59,0,En avance,8,3,2020,4.352331606217616,IT -  CRM Implementation,Chine,Asia Pacific,Distributor,0,0,0,0,0,1,0,0,0,0
308,69,Phase C - Development,2021-01-01,58,21000,4,69,58,both,0,0,À l'heure,1,1,2021,2.0689655172413794,IT -  CRM Implementation,Chine,Asia Pacific,Distributor,0,0,0,0,0,0,1,0,0,0
309,69,Phase D - Testing,2021-06-07,91,5600,16,69,80,both,-11,0,En avance,6,2,2021,5.2747252747252755,IT -  CRM Implementation,Chine,Asia Pacific,Distributor,0,0,0,0,0,0,0,1,0,0
310,69,Phase E - Deployment,2021-08-26,27,79000,25,69,17,both,-10,0,En avance,8,3,2021,27.77777777777778,IT -  CRM Implementation,Chine,Asia Pacific,Distributor,0,0,0,0,0,0,0,0,1,0
311,69,Phase F - Post-deployment,2022-02-13,187,2800,31,69,110,both,-77,0,En avance,2,1,2022,4.973262032085561,IT -  CRM Implementation,Chine,Asia Pacific,Distributor,0,0,0,0,0,0,0,0,0,1
312,70,Phase A - Initiation,2020-05-11,134,400,19,70,98,both,-36,0,En avance,5,2,2020,4.253731343283582,IT -  CRM Implementation,Malte,Central/Eastern Europe-Middle East-Africa,Distributor,0,0,0,0,1,0,0,0,0,0
313,70,Phase B - Preparation,2020-08-17,191,8100,7,70,130,both,-61,0,En avance,8,3,2020,1.0994764397905759,IT -  CRM Implementation,Malte,Central/Eastern Europe-Middle East-Africa,Distributor,0,0,0,0,0,1,0,0,0,0
314,70,Phase C - Development,2020-12-25,35,10500,18,70,42,both,7,1,Petit retard (<1mois),12,4,2020,15.428571428571427,IT -  CRM Implementation,Malte,Central/Eastern Europe-Middle East-Africa,Distributor,0,0,0,0,0,0,1,0,0,0
315,70,Phase D - Testing,2021-02-05,1,2800,3,70,5,both,4,1,Petit retard (<1mois),2,1,2021,90.0,IT -  CRM Implementation,Malte,Central/Eastern Europe-Middle East-Africa,Distributor,0,0,0,0,0,0,0,1,0,0
316,70,Phase E - Deployment,2021-05-30,164,83000,6,70,171,both,7,1,Petit retard (<1mois),5,2,2021,1.097560975609756,IT -  CRM Implementation,Malte,Central/Eastern Europe-Middle East-Africa,Distributor,0,0,0,0,0,0,0,0,1,0
317,70,Phase F - Post-deployment,2021-11-17,60,1400,29,70,77,both,17,1,Petit retard (<1mois),11,4,2021,14.5,IT -  CRM Implementation,Malte,Central/Eastern Europe-Middle East-Africa,Distributor,0,0,0,0,0,0,0,0,0,1
318,71,Phase A - Initiation,2020-03-11,135,400,30,71,79,both,-56,0,En avance,3,1,2020,6.666666666666666,IT -  CRM Implementation,Turquie,Central/Eastern Europe-Middle East-Africa,Distributor,0,0,0,0,1,0,0,0,0,0
319,71,Phase B - Preparation,2020-05-29,152,8100,18,71,173,both,21,1,Petit retard (<1mois),5,2,2020,3.552631578947368,IT -  CRM Implementation,Turquie,Central/Eastern Europe-Middle East-Africa,Distributor,0,0,0,0,0,1,0,0,0,0
320,71,Phase C - Development,2020-11-18,14,10500,30,71,4,both,-10,0,En avance,11,4,2020,64.28571428571428,IT -  CRM Implementation,Turquie,Central/Eastern Europe-Middle East-Africa,Distributor,0,0,0,0,0,0,1,0,0,0
321,71,Phase D - Testing,2020-12-28,125,2800,14,71,144,both,19,1,Petit retard (<1mois),12,4,2020,3.36,IT -  CRM Implementation,Turquie,Central/Eastern Europe-Middle East-Africa,Distributor,0,0,0,0,0,0,0,1,0,0
322,71,Phase E - Deployment,2021-02-10,95,46000,20,71,124,both,29,1,Petit retard (<1mois),2,1,2021,6.315789473684211,IT -  CRM Implementation,Turquie,Central/Eastern Europe-Middle East-Africa,Distributor,0,0,0,0,0,0,0,0,1,0
323,71,Phase F - Post-deployment,2021-06-13,134,1400,14,71,112,both,-22,0,En avance,6,2,2021,3.134328358208955,IT -  CRM Implementation,Turquie,Central/Eastern Europe-Middle East-Africa,Distributor,0,0,0,0,0,0,0,0,0,1
324,72,Phase A - Initiation,2020-05-11,193,400,32,72,151,both,-42,0,En avance,5,2,2020,4.974093264248705,IT -  CRM Implementation,Grece,Western Europe,Affiliate,0,0,0,0,1,0,0,0,0,0
325,72,Phase B - Preparation,2020-05-26,113,8100,24,72,196,both,83,1,Retard moyen (1-3mois),5,2,2020,6.371681415929204,IT -  CRM Implementation,Grece,Western Europe,Affiliate,0,0,0,0,0,1,0,0,0,0
326,72,Phase C - Development,2020-06-01,86,10500,21,72,80,both,-6,0,En avance,6,2,2020,7.325581395348837,IT -  CRM Implementation,Grece,Western Europe,Affiliate,0,0,0,0,0,0,1,0,0,0
327,72,Phase D - Testing,2020-08-20,75,2800,9,72,64,both,-11,0,En avance,8,3,2020,3.5999999999999996,IT -  CRM Implementation,Grece,Western Europe,Affiliate,0,0,0,0,0,0,0,1,0,0
328,72,Phase E - Deployment,2020-10-23,178,66000,31,72,65,both,-113,0,En avance,10,4,2020,5.224719101123596,IT -  CRM Implementation,Grece,Western Europe,Affiliate,0,0,0,0,0,0,0,0,1,0
329,72,Phase F - Post-deployment,2020-12-27,3,1400,3,72,5,both,2,1,Petit retard (<1mois),12,4,2020,30.0,IT -  CRM Implementation,Grece,Western Europe,Affiliate,0,0,0,0,0,0,0,0,0,1
330,73,Phase A - Initiation,2020-05-05,127,400,22,73,86,both,-41,0,En avance,5,2,2020,5.196850393700787,IT -  CRM Implementation,Portugal,Western Europe,Distributor,0,0,0,0,1,0,0,0,0,0
331,73,Phase B - Preparation,2020-07-30,52,8100,8,73,73,both,21,1,Petit retard (<1mois),7,3,2020,4.615384615384616,IT -  CRM Implementation,Portugal,Western Europe,Distributor,0,0,0,0,0,1,0,0,0,0
332,73,Phase C - Development,2021-01-19,37,10500,4,73,11,both,-26,0,En avance,1,1,2021,3.2432432432432434,IT -  CRM Implementation,Portugal,Western Europe,Distributor,0,0,0,0,0,0,1,0,0,0
333,73,Phase D - Testing,2021-05-09,52,2800,13,73,73,both,21,1,Petit retard (<1mois),5,2,2021,7.5,IT -  CRM Implementation,Portugal,Western Europe,Distributor,0,0,0,0,0,0,0,1,0,0
334,73,Phase E - Deployment,2021-07-21,53,40000,7,73,19,both,-34,0,En avance,7,3,2021,3.9622641509433962,IT -  CRM Implementation,Portugal,Western Europe,Distributor,0,0,0,0,0,0,0,0,1,0
335,73,Phase F - Post-deployment,2021-08-09,89,1400,16,73,102,both,13,1,Petit retard (<1mois),8,3,2021,5.393258426966292,IT -  CRM Implementation,Portugal,Western Europe,Distributor,0,0,0,0,0,0,0,0,0,1
336,74,Phase A - Initiation,2020-01-14,158,400,27,74,129,both,-29,0,En avance,1,1,2020,5.1265822784810124,IT -  CRM Implementation,Ukraine,Central/Eastern Europe-Middle East-Africa,Affiliate,0,0,0,0,1,0,0,0,0,0
337,74,Phase B - Preparation,2020-05-23,123,8100,10,74,58,both,-65,0,En avance,5,2,2020,2.4390243902439024,IT -  CRM Implementation,Ukraine,Central/Eastern Europe-Middle East-Africa,Affiliate,0,0,0,0,0,1,0,0,0,0
338,74,Phase C - Development,2020-07-20,181,10500,12,74,233,both,52,1,Retard moyen (1-3mois),7,3,2020,1.9889502762430937,IT -  CRM Implementation,Ukraine,Central/Eastern Europe-Middle East-Africa,Affiliate,0,0,0,0,0,0,1,0,0,0
339,74,Phase D - Testing,2020-08-22,154,2800,7,74,117,both,-37,0,En avance,8,3,2020,1.3636363636363638,IT -  CRM Implementation,Ukraine,Central/Eastern Europe-Middle East-Africa,Affiliate,0,0,0,0,0,0,0,1,0,0
340,74,Phase E - Deployment,2020-12-17,153,51000,8,74,60,both,-93,0,En avance,12,4,2020,1.5686274509803921,IT -  CRM Implementation,Ukraine,Central/Eastern Europe-Middle East-Africa,Affiliate,0,0,0,0,0,0,0,0,1,0
341,74,Phase F - Post-deployment,2021-02-15,172,1400,32,74,113,both,-59,0,En avance,2,1,2021,5.5813953488372094,IT -  CRM Implementation,Ukraine,Central/Eastern Europe-Middle East-Africa,Affiliate,0,0,0,0,0,0,0,0,0,1
342,75,Phase A - Initiation,2020-03-20,8,700,4,75,8,both,0,0,À l'heure,3,1,2020,15.0,IT -  CRM Implementation,Russie,Central/Eastern Europe-Middle East-Africa,Affiliate,0,0,0,0,1,0,0,0,0,0
343,75,Phase B - Preparation,2020-06-12,122,16100,32,75,56,both,-66,0,En avance,6,2,2020,7.868852459016394,IT -  CRM Implementation,Russie,Central/Eastern Europe-Middle East-Africa,Affiliate,0,0,0,0,0,1,0,0,0,0
344,75,Phase C - Development,2020-08-07,132,21000,22,75,124,both,-8,0,En avance,8,3,2020,5.0,IT -  CRM Implementation,Russie,Central/Eastern Europe-Middle East-Africa,Affiliate,0,0,0,0,0,0,1,0,0,0
345,75,Phase D - Testing,2020-12-09,104,5600,29,75,73,both,-31,0,En avance,12,4,2020,8.365384615384615,IT -  CRM Implementation,Russie,Central/Eastern Europe-Middle East-Africa,Affiliate,0,0,0,0,0,0,0,1,0,0
346,75,Phase E - Deployment,2021-02-20,110,103000,8,75,77,both,-33,0,En avance,2,1,2021,2.1818181818181817,IT -  CRM Implementation,Russie,Central/Eastern Europe-Middle East-Africa,Affiliate,0,0,0,0,0,0,0,0,1,0
347,75,Phase F - Post-deployment,2021-05-07,69,2800,30,75,97,both,28,1,Petit retard (<1mois),5,2,2021,13.043478260869565,IT -  CRM Implementation,Russie,Central/Eastern Europe-Middle East-Africa,Affiliate,0,0,0,0,0,0,0,0,0,1
348,76,Phase A - Initiation,2020-03-23,31,400,14,76,45,both,14,1,Petit retard (<1mois),3,1,2020,13.548387096774194,IT -  CRM Implementation,Bielorussie,Central/Eastern Europe-Middle East-Africa,Distributor,0,0,0,0,1,0,0,0,0,0
349,76,Phase B - Preparation,2020-09-14,196,8100,26,76,120,both,-76,0,En avance,9,3,2020,3.979591836734694,IT -  CRM Implementation,Bielorussie,Central/Eastern Europe-Middle East-Africa,Distributor,0,0,0,0,0,1,0,0,0,0
350,76,Phase C - Development,2021-01-12,145,10500,17,76,138,both,-7,0,En avance,1,1,2021,3.5172413793103448,IT -  CRM Implementation,Bielorussie,Central/Eastern Europe-Middle East-Africa,Distributor,0,0,0,0,0,0,1,0,0,0
351,76,Phase D - Testing,2021-05-29,44,2800,8,76,25,both,-19,0,En avance,5,2,2021,5.454545454545455,IT -  CRM Implementation,Bielorussie,Central/Eastern Europe-Middle East-Africa,Distributor,0,0,0,0,0,0,0,1,0,0
352,76,Phase E - Deployment,2021-10-01,61,53000,14,76,71,both,10,1,Petit retard (<1mois),10,4,2021,6.885245901639345,IT -  CRM Implementation,Bielorussie,Central/Eastern Europe-Middle East-Africa,Distributor,0,0,0,0,0,0,0,0,1,0
353,76,Phase F - Post-deployment,2022-02-06,78,1400,30,76,55,both,-23,0,En avance,2,1,2022,11.538461538461538,IT -  CRM Implementation,Bielorussie,Central/Eastern Europe-Middle East-Africa,Distributor,0,0,0,0,0,0,0,0,0,1
354,77,Phase A - Initiation,2020-03-27,11,400,5,77,11,both,0,0,À l'heure,3,1,2020,13.636363636363637,IT -  CRM Implementation,Lituanie,Central/Eastern Europe-Middle East-Africa,Affiliate,0,0,0,0,1,0,0,0,0,0
355,77,Phase B - Preparation,2020-07-22,134,8100,23,77,129,both,-5,0,En avance,7,3,2020,5.149253731343284,IT -  CRM Implementation,Lituanie,Central/Eastern Europe-Middle East-Africa,Affiliate,0,0,0,0,0,1,0,0,0,0
356,77,Phase C - Development,2020-08-20,188,10500,15,77,132,both,-56,0,En avance,8,3,2020,2.393617021276596,IT -  CRM Implementation,Lituanie,Central/Eastern Europe-Middle East-Africa,Affiliate,0,0,0,0,0,0,1,0,0,0
357,77,Phase D - Testing,2020-12-30,99,2800,18,77,121,both,22,1,Petit retard (<1mois),12,4,2020,5.454545454545455,IT -  CRM Implementation,Lituanie,Central/Eastern Europe-Middle East-Africa,Affiliate,0,0,0,0,0,0,0,1,0,0
358,77,Phase E - Deployment,2021-06-08,166,33000,20,77,102,both,-64,0,En avance,6,2,2021,3.6144578313253013,IT -  CRM Implementation,Lituanie,Central/Eastern Europe-Middle East-Africa,Affiliate,0,0,0,0,0,0,0,0,1,0
359,77,Phase F - Post-deployment,2021-09-18,189,1400,11,77,159,both,-30,0,En avance,9,3,2021,1.746031746031746,IT -  CRM Implementation,Lituanie,Central/Eastern Europe-Middle East-Africa,Affiliate,0,0,0,0,0,0,0,0,0,1
360,78,Phase A - Initiation,2020-05-18,164,400,28,78,140,both,-24,0,En avance,5,2,2020,5.121951219512195,IT -  CRM Implementation,Estonie,Central/Eastern Europe-Middle East-Africa,Affiliate,0,0,0,0,1,0,0,0,0,0
361,78,Phase B - Preparation,2020-10-05,101,8100,15,78,128,both,27,1,Petit retard (<1mois),10,4,2020,4.455445544554455,IT -  CRM Implementation,Estonie,Central/Eastern Europe-Middle East-Africa,Affiliate,0,0,0,0,0,1,0,0,0,0
362,78,Phase C - Development,2021-02-10,38,10500,21,78,27,both,-11,0,En avance,2,1,2021,16.578947368421055,IT -  CRM Implementation,Estonie,Central/Eastern Europe-Middle East-Africa,Affiliate,0,0,0,0,0,0,1,0,0,0
363,78,Phase D - Testing,2021-03-08,26,2800,15,78,39,both,13,1,Petit retard (<1mois),3,1,2021,17.307692307692307,IT -  CRM Implementation,Estonie,Central/Eastern Europe-Middle East-Africa,Affiliate,0,0,0,0,0,0,0,1,0,0
364,78,Phase E - Deployment,2021-04-16,31,37000,8,78,58,both,27,1,Petit retard (<1mois),4,2,2021,7.741935483870968,IT -  CRM Implementation,Estonie,Central/Eastern Europe-Middle East-Africa,Affiliate,0,0,0,0,0,0,0,0,1,0
365,78,Phase F - Post-deployment,2021-10-11,99,1400,11,78,129,both,30,1,Petit retard (<1mois),10,4,2021,3.333333333333333,IT -  CRM Implementation,Estonie,Central/Eastern Europe-Middle East-Africa,Affiliate,0,0,0,0,0,0,0,0,0,1
366,79,Phase A - Initiation,2020-02-05,127,700,14,79,109,both,-18,0,En avance,2,1,2020,3.3070866141732282,IT -  CRM Implementation,Suede,Western Europe,Distributor,0,0,0,0,1,0,0,0,0,0
367,79,Phase B - Preparation,2020-05-25,126,16100,30,79,156,both,30,1,Petit retard (<1mois),5,2,2020,7.142857142857142,IT -  CRM Implementation,Suede,Western Europe,Distributor,0,0,0,0,0,1,0,0,0,0
368,79,Phase C - Development,2020-10-28,184,21000,20,79,72,both,-112,0,En avance,10,4,2020,3.260869565217391,IT -  CRM Implementation,Suede,Western Europe,Distributor,0,0,0,0,0,0,1,0,0,0
369,79,Phase D - Testing,2021-01-08,123,5600,15,79,99,both,-24,0,En avance,1,1,2021,3.6585365853658534,IT -  CRM Implementation,Suede,Western Europe,Distributor,0,0,0,0,0,0,0,1,0,0
370,79,Phase E - Deployment,2021-02-26,122,66000,3,79,67,both,-55,0,En avance,2,1,2021,0.7377049180327868,IT -  CRM Implementation,Suede,Western Europe,Distributor,0,0,0,0,0,0,0,0,1,0
371,79,Phase F - Post-deployment,2021-05-03,172,2800,23,79,108,both,-64,0,En avance,5,2,2021,4.011627906976744,IT -  CRM Implementation,Suede,Western Europe,Distributor,0,0,0,0,0,0,0,0,0,1
372,80,Phase A - Initiation,2020-02-23,159,700,6,80,138,both,-21,0,En avance,2,1,2020,1.1320754716981132,IT -  CRM Implementation,Danemark,Western Europe,Distributor,0,0,0,0,1,0,0,0,0,0
373,80,Phase B - Preparation,2020-04-02,186,16100,15,80,133,both,-53,0,En avance,4,2,2020,2.4193548387096775,IT -  CRM Implementation,Danemark,Western Europe,Distributor,0,0,0,0,0,1,0,0,0,0
374,80,Phase C - Development,2020-05-05,198,21000,12,80,141,both,-57,0,En avance,5,2,2020,1.8181818181818183,IT -  CRM Implementation,Danemark,Western Europe,Distributor,0,0,0,0,0,0,1,0,0,0
375,80,Phase D - Testing,2020-09-23,101,5600,32,80,131,both,30,1,Petit retard (<1mois),9,3,2020,9.504950495049505,IT -  CRM Implementation,Danemark,Western Europe,Distributor,0,0,0,0,0,0,0,1,0,0
376,80,Phase E - Deployment,2021-03-12,170,71000,13,80,70,both,-100,0,En avance,3,1,2021,2.294117647058824,IT -  CRM Implementation,Danemark,Western Europe,Distributor,0,0,0,0,0,0,0,0,1,0
377,80,Phase F - Post-deployment,2021-05-21,131,2800,4,80,83,both,-48,0,En avance,5,2,2021,0.916030534351145,IT -  CRM Implementation,Danemark,Western Europe,Distributor,0,0,0,0,0,0,0,0,0,1
378,81,Phase A - Initiation,2020-05-28,113,700,13,81,138,both,25,1,Petit retard (<1mois),5,2,2020,3.4513274336283186,IT -  CRM Implementation,Norvege,Western Europe,Distributor,0,0,0,0,1,0,0,0,0,0
379,81,Phase B - Preparation,2020-10-13,48,16100,19,81,50,both,2,1,Petit retard (<1mois),10,4,2020,11.875,IT -  CRM Implementation,Norvege,Western Europe,Distributor,0,0,0,0,0,1,0,0,0,0
380,81,Phase C - Development,2020-12-02,1,21000,1,81,5,both,4,1,Petit retard (<1mois),12,4,2020,30.0,IT -  CRM Implementation,Norvege,Western Europe,Distributor,0,0,0,0,0,0,1,0,0,0
381,81,Phase D - Testing,2021-05-03,53,5600,30,81,63,both,10,1,Petit retard (<1mois),5,2,2021,16.9811320754717,IT -  CRM Implementation,Norvege,Western Europe,Distributor,0,0,0,0,0,0,0,1,0,0
382,81,Phase E - Deployment,2021-10-13,168,123000,27,81,125,both,-43,0,En avance,10,4,2021,4.821428571428572,IT -  CRM Implementation,Norvege,Western Europe,Distributor,0,0,0,0,0,0,0,0,1,0
383,81,Phase F - Post-deployment,2021-10-25,185,2800,31,81,121,both,-64,0,En avance,10,4,2021,5.027027027027027,IT -  CRM Implementation,Norvege,Western Europe,Distributor,0,0,0,0,0,0,0,0,0,1
384,82,Phase A - Initiation,2020-04-20,63,700,19,82,65,both,2,1,Petit retard (<1mois),4,2,2020,9.047619047619047,IT -  CRM Implementation,Suisse,Western Europe,Affiliate,0,0,0,0,1,0,0,0,0,0
385,82,Phase B - Preparation,2020-06-24,174,16100,31,82,163,both,-11,0,En avance,6,2,2020,5.344827586206897,IT -  CRM Implementation,Suisse,Western Europe,Affiliate,0,0,0,0,0,1,0,0,0,0
386,82,Phase C - Development,2020-07-07,20,21000,29,82,13,both,-7,0,En avance,7,3,2020,43.5,IT -  CRM Implementation,Suisse,Western Europe,Affiliate,0,0,0,0,0,0,1,0,0,0
387,82,Phase D - Testing,2020-11-18,102,5600,5,82,102,both,0,0,À l'heure,11,4,2020,1.4705882352941175,IT -  CRM Implementation,Suisse,Western Europe,Affiliate,0,0,0,0,0,0,0,1,0,0
388,82,Phase E - Deployment,2021-02-28,58,66000,23,82,37,both,-21,0,En avance,2,1,2021,11.896551724137932,IT -  CRM Implementation,Suisse,Western Europe,Affiliate,0,0,0,0,0,0,0,0,1,0
389,82,Phase F - Post-deployment,2021-04-05,194,2800,28,82,104,both,-90,0,En avance,4,2,2021,4.329896907216495,IT -  CRM Implementation,Suisse,Western Europe,Affiliate,0,0,0,0,0,0,0,0,0,1
390,83,Phase A - Initiation,2020-03-07,41,200,20,83,43,both,2,1,Petit retard (<1mois),3,1,2020,14.634146341463413,IT -  CRM Implementation,Cote d'Ivoire,Central/Eastern Europe-Middle East-Africa,Distributor,0,0,0,0,1,0,0,0,0,0
391,83,Phase B - Preparation,2020-07-14,124,5400,18,83,100,both,-24,0,En avance,7,3,2020,4.35483870967742,IT -  CRM Implementation,Cote d'Ivoire,Central/Eastern Europe-Middle East-Africa,Distributor,0,0,0,0,0,1,0,0,0,0
392,83,Phase C - Development,2020-07-24,185,7000,21,83,140,both,-45,0,En avance,7,3,2020,3.4054054054054057,IT -  CRM Implementation,Cote d'Ivoire,Central/Eastern Europe-Middle East-Africa,Distributor,0,0,0,0,0,0,1,0,0,0
393,83,Phase D - Testing,2020-09-02,112,1900,29,83,121,both,9,1,Petit retard (<1mois),9,3,2020,7.767857142857143,IT -  CRM Implementation,Cote d'Ivoire,Central/Eastern Europe-Middle East-Africa,Distributor,0,0,0,0,0,0,0,1,0,0
394,83,Phase E - Deployment,2021-01-01,81,62000,22,83,76,both,-5,0,En avance,1,1,2021,8.148148148148147,IT -  CRM Implementation,Cote d'Ivoire,Central/Eastern Europe-Middle East-Africa,Distributor,0,0,0,0,0,0,0,0,1,0
395,83,Phase F - Post-deployment,2021-06-05,174,900,7,83,110,both,-64,0,En avance,6,2,2021,1.206896551724138,IT -  CRM Implementation,Cote d'Ivoire,Central/Eastern Europe-Middle East-Africa,Distributor,0,0,0,0,0,0,0,0,0,1
396,84,Phase A - Initiation,2020-01-27,191,200,7,84,63,both,-128,0,En avance,1,1,2020,1.0994764397905759,IT -  CRM Implementation,Chine,Asia Pacific,Distributor,0,0,0,0,1,0,0,0,0,0
397,84,Phase B - Preparation,2020-03-31,46,5400,8,84,52,both,6,1,Petit retard (<1mois),3,1,2020,5.217391304347826,IT -  CRM Implementation,Chine,Asia Pacific,Distributor,0,0,0,0,0,1,0,0,0,0
398,84,Phase C - Development,2020-08-30,109,7000,31,84,138,both,29,1,Petit retard (<1mois),8,3,2020,8.53211009174312,IT -  CRM Implementation,Chine,Asia Pacific,Distributor,0,0,0,0,0,0,1,0,0,0
399,84,Phase D - Testing,2021-01-15,30,1900,9,84,53,both,23,1,Petit retard (<1mois),1,1,2021,9.0,IT -  CRM Implementation,Chine,Asia Pacific,Distributor,0,0,0,0,0,0,0,1,0,0
400,84,Phase E - Deployment,2021-07-12,5,59000,17,84,12,both,7,1,Petit retard (<1mois),7,3,2021,102.0,IT -  CRM Implementation,Chine,Asia Pacific,Distributor,0,0,0,0,0,0,0,0,1,0
401,84,Phase F - Post-deployment,2021-11-11,115,900,12,84,135,both,20,1,Petit retard (<1mois),11,4,2021,3.1304347826086953,IT -  CRM Implementation,Chine,Asia Pacific,Distributor,0,0,0,0,0,0,0,0,0,1
402,85,Phase A - Initiation,2020-03-14,187,400,21,85,82,both,-105,0,En avance,3,1,2020,3.3689839572192515,IT -  CRM Implementation,Afrique du Sud,Central/Eastern Europe-Middle East-Africa,Distributor,0,0,0,0,1,0,0,0,0,0
403,85,Phase B - Preparation,2020-06-04,76,8100,4,85,96,both,20,1,Petit retard (<1mois),6,2,2020,1.5789473684210527,IT -  CRM Implementation,Afrique du Sud,Central/Eastern Europe-Middle East-Africa,Distributor,0,0,0,0,0,1,0,0,0,0
404,85,Phase C - Development,2020-10-17,31,10500,27,85,11,both,-20,0,En avance,10,4,2020,26.129032258064516,IT -  CRM Implementation,Afrique du Sud,Central/Eastern Europe-Middle East-Africa,Distributor,0,0,0,0,0,0,1,0,0,0
405,85,Phase D - Testing,2021-02-12,123,2800,29,85,146,both,23,1,Petit retard (<1mois),2,1,2021,7.073170731707317,IT -  CRM Implementation,Afrique du Sud,Central/Eastern Europe-Middle East-Africa,Distributor,0,0,0,0,0,0,0,1,0,0
406,85,Phase E - Deployment,2021-07-07,109,70000,25,85,135,both,26,1,Petit retard (<1mois),7,3,2021,6.8807339449541285,IT -  CRM Implementation,Afrique du Sud,Central/Eastern Europe-Middle East-Africa,Distributor,0,0,0,0,0,0,0,0,1,0
407,85,Phase F - Post-deployment,2021-11-19,197,1400,26,85,172,both,-25,0,En avance,11,4,2021,3.9593908629441628,IT -  CRM Implementation,Afrique du Sud,Central/Eastern Europe-Middle East-Africa,Distributor,0,0,0,0,0,0,0,0,0,1
408,86,Phase A - Initiation,2020-01-13,36,200,18,86,64,both,28,1,Petit retard (<1mois),1,1,2020,15.0,IT -  CRM Implementation,France,Western Europe,Affiliate,0,0,0,0,1,0,0,0,0,0
409,86,Phase B - Preparation,2020-03-29,193,5400,10,86,128,both,-65,0,En avance,3,1,2020,1.5544041450777202,IT -  CRM Implementation,France,Western Europe,Affiliate,0,0,0,0,0,1,0,0,0,0
410,86,Phase C - Development,2020-08-04,109,7000,30,86,125,both,16,1,Petit retard (<1mois),8,3,2020,8.256880733944955,IT -  CRM Implementation,France,Western Europe,Affiliate,0,0,0,0,0,0,1,0,0,0
411,86,Phase D - Testing,2020-12-07,76,1900,8,86,53,both,-23,0,En avance,12,4,2020,3.1578947368421053,IT -  CRM Implementation,France,Western Europe,Affiliate,0,0,0,0,0,0,0,1,0,0
412,86,Phase E - Deployment,2021-01-29,92,108000,6,86,74,both,-18,0,En avance,1,1,2021,1.9565217391304348,IT -  CRM Implementation,France,Western Europe,Affiliate,0,0,0,0,0,0,0,0,1,0
413,86,Phase F - Post-deployment,2021-07-01,139,900,3,86,132,both,-7,0,En avance,7,3,2021,0.6474820143884893,IT -  CRM Implementation,France,Western Europe,Affiliate,0,0,0,0,0,0,0,0,0,1
414,87,Phase A - Initiation,2020-03-08,112,200,4,87,83,both,-29,0,En avance,3,1,2020,1.0714285714285714,IT -  CRM Implementation,Serbie,Central/Eastern Europe-Middle East-Africa,Affiliate,0,0,0,0,1,0,0,0,0,0
415,87,Phase B - Preparation,2020-05-30,50,5400,13,87,19,both,-31,0,En avance,5,2,2020,7.800000000000001,IT -  CRM Implementation,Serbie,Central/Eastern Europe-Middle East-Africa,Affiliate,0,0,0,0,0,1,0,0,0,0
416,87,Phase C - Development,2020-09-26,96,7000,14,87,116,both,20,1,Petit retard (<1mois),9,3,2020,4.375,IT -  CRM Implementation,Serbie,Central/Eastern Europe-Middle East-Africa,Affiliate,0,0,0,0,0,0,1,0,0,0
417,87,Phase D - Testing,2021-01-20,79,1900,17,87,101,both,22,1,Petit retard (<1mois),1,1,2021,6.455696202531646,IT -  CRM Implementation,Serbie,Central/Eastern Europe-Middle East-Africa,Affiliate,0,0,0,0,0,0,0,1,0,0
418,87,Phase E - Deployment,2021-06-09,183,69000,16,87,178,both,-5,0,En avance,6,2,2021,2.622950819672131,IT -  CRM Implementation,Serbie,Central/Eastern Europe-Middle East-Africa,Affiliate,0,0,0,0,0,0,0,0,1,0
419,87,Phase F - Post-deployment,2021-12-04,148,900,15,87,152,both,4,1,Petit retard (<1mois),12,4,2021,3.040540540540541,IT -  CRM Implementation,Serbie,Central/Eastern Europe-Middle East-Africa,Affiliate,0,0,0,0,0,0,0,0,0,1
420,88,Phase A - Initiation,2020-05-02,92,200,30,88,162,both,70,1,Retard moyen (1-3mois),5,2,2020,9.782608695652174,IT -  CRM Implementation,Turquie,Central/Eastern Europe-Middle East-Africa,Distributor,0,0,0,0,1,0,0,0,0,0
421,88,Phase B - Preparation,2020-10-11,75,5400,30,88,103,both,28,1,Petit retard (<1mois),10,4,2020,12.0,IT -  CRM Implementation,Turquie,Central/Eastern Europe-Middle East-Africa,Distributor,0,0,0,0,0,1,0,0,0,0
422,88,Phase C - Development,2021-01-22,96,7000,7,88,59,both,-37,0,En avance,1,1,2021,2.1875,IT -  CRM Implementation,Turquie,Central/Eastern Europe-Middle East-Africa,Distributor,0,0,0,0,0,0,1,0,0,0
423,88,Phase D - Testing,2021-03-21,108,1900,7,88,146,both,38,1,Retard moyen (1-3mois),3,1,2021,1.9444444444444444,IT -  CRM Implementation,Turquie,Central/Eastern Europe-Middle East-Africa,Distributor,0,0,0,0,0,0,0,1,0,0
424,88,Phase E - Deployment,2021-08-14,77,61000,15,88,60,both,-17,0,En avance,8,3,2021,5.8441558441558445,IT -  CRM Implementation,Turquie,Central/Eastern Europe-Middle East-Africa,Distributor,0,0,0,0,0,0,0,0,1,0
425,88,Phase F - Post-deployment,2021-08-17,57,900,22,88,79,both,22,1,Petit retard (<1mois),8,3,2021,11.578947368421051,IT -  CRM Implementation,Turquie,Central/Eastern Europe-Middle East-Africa,Distributor,0,0,0,0,0,0,0,0,0,1
426,89,Phase A - Initiation,2020-03-09,20,200,19,89,17,both,-3,0,En avance,3,1,2020,28.5,IT -  CRM Implementation,Grece,Western Europe,Affiliate,0,0,0,0,1,0,0,0,0,0
427,89,Phase B - Preparation,2020-08-30,149,5400,10,89,170,both,21,1,Petit retard (<1mois),8,3,2020,2.0134228187919465,IT -  CRM Implementation,Grece,Western Europe,Affiliate,0,0,0,0,0,1,0,0,0,0
428,89,Phase C - Development,2021-02-16,103,7000,23,89,123,both,20,1,Petit retard (<1mois),2,1,2021,6.699029126213593,IT -  CRM Implementation,Grece,Western Europe,Affiliate,0,0,0,0,0,0,1,0,0,0
429,89,Phase D - Testing,2021-03-10,4,1900,18,89,9,both,5,1,Petit retard (<1mois),3,1,2021,135.0,IT -  CRM Implementation,Grece,Western Europe,Affiliate,0,0,0,0,0,0,0,1,0,0
430,89,Phase E - Deployment,2021-06-11,152,123000,16,89,95,both,-57,0,En avance,6,2,2021,3.1578947368421053,IT -  CRM Implementation,Grece,Western Europe,Affiliate,0,0,0,0,0,0,0,0,1,0
431,89,Phase F - Post-deployment,2021-09-14,109,900,12,89,97,both,-12,0,En avance,9,3,2021,3.302752293577982,IT -  CRM Implementation,Grece,Western Europe,Affiliate,0,0,0,0,0,0,0,0,0,1
432,90,Phase A - Initiation,2020-03-10,2,200,3,90,8,both,6,1,Petit retard (<1mois),3,1,2020,45.0,IT -  CRM Implementation,Afrique du Sud,Central/Eastern Europe-Middle East-Africa,Distributor,0,0,0,0,1,0,0,0,0,0
433,90,Phase B - Preparation,2020-06-04,17,5400,4,90,17,both,0,0,À l'heure,6,2,2020,7.0588235294117645,IT -  CRM Implementation,Afrique du Sud,Central/Eastern Europe-Middle East-Africa,Distributor,0,0,0,0,0,1,0,0,0,0
434,90,Phase C - Development,2020-11-27,52,7000,9,90,75,both,23,1,Petit retard (<1mois),11,4,2020,5.1923076923076925,IT -  CRM Implementation,Afrique du Sud,Central/Eastern Europe-Middle East-Africa,Distributor,0,0,0,0,0,0,1,0,0,0
435,90,Phase D - Testing,2021-03-01,60,1900,21,90,55,both,-5,0,En avance,3,1,2021,10.5,IT -  CRM Implementation,Afrique du Sud,Central/Eastern Europe-Middle East-Africa,Distributor,0,0,0,0,0,0,0,1,0,0
436,90,Phase E - Deployment,2021-08-03,182,44000,29,90,151,both,-31,0,En avance,8,3,2021,4.78021978021978,IT -  CRM Implementation,Afrique du Sud,Central/Eastern Europe-Middle East-Africa,Distributor,0,0,0,0,0,0,0,0,1,0
437,90,Phase F - Post-deployment,2021-09-23,96,900,26,90,131,both,35,1,Retard moyen (1-3mois),9,3,2021,8.125,IT -  CRM Implementation,Afrique du Sud,Central/Eastern Europe-Middle East-Africa,Distributor,0,0,0,0,0,0,0,0,0,1
438,91,Phase A - Initiation,2020-03-30,54,200,7,91,46,both,-8,0,En avance,3,1,2020,3.888888888888889,IT -  CRM Implementation,Canada,North and Latin America,Distributor,0,0,0,0,1,0,0,0,0,0
439,91,Phase B - Preparation,2020-05-15,183,5400,25,91,124,both,-59,0,En avance,5,2,2020,4.0983606557377055,IT -  CRM Implementation,Canada,North and Latin America,Distributor,0,0,0,0,0,1,0,0,0,0
440,91,Phase C - Development,2020-09-16,129,7000,18,91,92,both,-37,0,En avance,9,3,2020,4.186046511627907,IT -  CRM Implementation,Canada,North and Latin America,Distributor,0,0,0,0,0,0,1,0,0,0
441,91,Phase D - Testing,2020-12-17,35,1900,25,91,58,both,23,1,Petit retard (<1mois),12,4,2020,21.42857142857143,IT -  CRM Implementation,Canada,North and Latin America,Distributor,0,0,0,0,0,0,0,1,0,0
442,91,Phase E - Deployment,2021-03-04,144,89000,32,91,118,both,-26,0,En avance,3,1,2021,6.666666666666666,IT -  CRM Implementation,Canada,North and Latin America,Distributor,0,0,0,0,0,0,0,0,1,0
443,91,Phase F - Post-deployment,2021-03-22,72,900,19,91,92,both,20,1,Petit retard (<1mois),3,1,2021,7.916666666666667,IT -  CRM Implementation,Canada,North and Latin America,Distributor,0,0,0,0,0,0,0,0,0,1
444,92,Phase A - Initiation,2020-04-19,77,400,13,92,96,both,19,1,Petit retard (<1mois),4,2,2020,5.064935064935065,IT -  CRM Implementation,Pologne,Central/Eastern Europe-Middle East-Africa,Affiliate,0,0,0,0,1,0,0,0,0,0
445,92,Phase B - Preparation,2020-07-24,45,8100,24,92,33,both,-12,0,En avance,7,3,2020,16.0,IT -  CRM Implementation,Pologne,Central/Eastern Europe-Middle East-Africa,Affiliate,0,0,0,0,0,1,0,0,0,0
446,92,Phase C - Development,2020-12-04,191,10500,7,92,164,both,-27,0,En avance,12,4,2020,1.0994764397905759,IT -  CRM Implementation,Pologne,Central/Eastern Europe-Middle East-Africa,Affiliate,0,0,0,0,0,0,1,0,0,0
447,92,Phase D - Testing,2021-05-16,102,2800,30,92,113,both,11,1,Petit retard (<1mois),5,2,2021,8.823529411764707,IT -  CRM Implementation,Pologne,Central/Eastern Europe-Middle East-Africa,Affiliate,0,0,0,0,0,0,0,1,0,0
448,92,Phase E - Deployment,2021-09-06,127,42000,17,92,139,both,12,1,Petit retard (<1mois),9,3,2021,4.015748031496063,IT -  CRM Implementation,Pologne,Central/Eastern Europe-Middle East-Africa,Affiliate,0,0,0,0,0,0,0,0,1,0
449,92,Phase F - Post-deployment,2021-10-15,126,1400,16,92,125,both,-1,0,En avance,10,4,2021,3.8095238095238093,IT -  CRM Implementation,Pologne,Central/Eastern Europe-Middle East-Africa,Affiliate,0,0,0,0,0,0,0,0,0,1
450,93,Phase A - Initiation,2020-03-22,41,400,8,93,43,both,2,1,Petit retard (<1mois),3,1,2020,5.853658536585366,IT -  CRM Implementation,Danemark,Western Europe,Distributor,0,0,0,0,1,0,0,0,0,0
451,93,Phase B - Preparation,2020-07-25,188,8100,27,93,104,both,-84,0,En avance,7,3,2020,4.308510638297872,IT -  CRM Implementation,Danemark,Western Europe,Distributor,0,0,0,0,0,1,0,0,0,0
452,93,Phase C - Development,2020-11-06,45,10500,10,93,60,both,15,1,Petit retard (<1mois),11,4,2020,6.666666666666666,IT -  CRM Implementation,Danemark,Western Europe,Distributor,0,0,0,0,0,0,1,0,0,0
453,93,Phase D - Testing,2021-01-05,159,2800,14,93,160,both,1,1,Petit retard (<1mois),1,1,2021,2.641509433962264,IT -  CRM Implementation,Danemark,Western Europe,Distributor,0,0,0,0,0,0,0,1,0,0
454,93,Phase E - Deployment,2021-06-13,104,51000,27,93,132,both,28,1,Petit retard (<1mois),6,2,2021,7.788461538461539,IT -  CRM Implementation,Danemark,Western Europe,Distributor,0,0,0,0,0,0,0,0,1,0
455,93,Phase F - Post-deployment,2021-10-23,28,1400,11,93,37,both,9,1,Petit retard (<1mois),10,4,2021,11.785714285714285,IT -  CRM Implementation,Danemark,Western Europe,Distributor,0,0,0,0,0,0,0,0,0,1
456,94,Phase A - Initiation,2020-03-02,121,700,23,94,67,both,-54,0,En avance,3,1,2020,5.702479338842975,IT -  CRM Implementation,Israel,Central/Eastern Europe-Middle East-Africa,Distributor,0,0,0,0,1,0,0,0,0,0
457,94,Phase B - Preparation,2020-05-08,16,16100,30,94,25,both,9,1,Petit retard (<1mois),5,2,2020,56.25,IT -  CRM Implementation,Israel,Central/Eastern Europe-Middle East-Africa,Distributor,0,0,0,0,0,1,0,0,0,0
458,94,Phase C - Development,2020-06-22,110,21000,29,94,144,both,34,1,Retard moyen (1-3mois),6,2,2020,7.909090909090908,IT -  CRM Implementation,Israel,Central/Eastern Europe-Middle East-Africa,Distributor,0,0,0,0,0,0,1,0,0,0
459,94,Phase D - Testing,2020-12-13,132,5600,10,94,130,both,-2,0,En avance,12,4,2020,2.272727272727273,IT -  CRM Implementation,Israel,Central/Eastern Europe-Middle East-Africa,Distributor,0,0,0,0,0,0,0,1,0,0
460,94,Phase E - Deployment,2021-01-12,83,45000,7,94,110,both,27,1,Petit retard (<1mois),1,1,2021,2.5301204819277108,IT -  CRM Implementation,Israel,Central/Eastern Europe-Middle East-Africa,Distributor,0,0,0,0,0,0,0,0,1,0
461,94,Phase F - Post-deployment,2021-01-22,46,2800,6,94,53,both,7,1,Petit retard (<1mois),1,1,2021,3.9130434782608696,IT -  CRM Implementation,Israel,Central/Eastern Europe-Middle East-Africa,Distributor,0,0,0,0,0,0,0,0,0,1
462,95,Phase A - Initiation,2020-04-05,28,400,20,95,45,both,17,1,Petit retard (<1mois),4,2,2020,21.42857142857143,IT -  CRM Implementation,Japon,Asia Pacific,Affiliate,0,0,0,0,1,0,0,0,0,0
463,95,Phase B - Preparation,2020-07-05,49,8100,30,95,27,both,-22,0,En avance,7,3,2020,18.367346938775512,IT -  CRM Implementation,Japon,Asia Pacific,Affiliate,0,0,0,0,0,1,0,0,0,0
464,95,Phase C - Development,2020-11-09,187,10500,29,95,145,both,-42,0,En avance,11,4,2020,4.652406417112299,IT -  CRM Implementation,Japon,Asia Pacific,Affiliate,0,0,0,0,0,0,1,0,0,0
465,95,Phase D - Testing,2020-12-24,93,2800,19,95,85,both,-8,0,En avance,12,4,2020,6.129032258064517,IT -  CRM Implementation,Japon,Asia Pacific,Affiliate,0,0,0,0,0,0,0,1,0,0
466,95,Phase E - Deployment,2021-03-18,96,86000,19,95,101,both,5,1,Petit retard (<1mois),3,1,2021,5.9375,IT -  CRM Implementation,Japon,Asia Pacific,Affiliate,0,0,0,0,0,0,0,0,1,0
467,95,Phase F - Post-deployment,2021-08-29,175,1400,16,95,102,both,-73,0,En avance,8,3,2021,2.742857142857143,IT -  CRM Implementation,Japon,Asia Pacific,Affiliate,0,0,0,0,0,0,0,0,0,1
468,96,Phase A - Initiation,2020-05-26,15,400,23,96,22,both,7,1,Petit retard (<1mois),5,2,2020,46.0,IT -  CRM Implementation,Chine,Asia Pacific,Distributor,0,0,0,0,1,0,0,0,0,0
469,96,Phase B - Preparation,2020-08-07,75,8100,14,96,68,both,-7,0,En avance,8,3,2020,5.6000000000000005,IT -  CRM Implementation,Chine,Asia Pacific,Distributor,0,0,0,0,0,1,0,0,0,0
470,96,Phase C - Development,2020-10-14,161,10500,15,96,114,both,-47,0,En avance,10,4,2020,2.795031055900621,IT -  CRM Implementation,Chine,Asia Pacific,Distributor,0,0,0,0,0,0,1,0,0,0
471,96,Phase D - Testing,2021-02-05,193,2800,29,96,100,both,-93,0,En avance,2,1,2021,4.507772020725389,IT -  CRM Implementation,Chine,Asia Pacific,Distributor,0,0,0,0,0,0,0,1,0,0
472,96,Phase E - Deployment,2021-05-15,62,123000,24,96,24,both,-38,0,En avance,5,2,2021,11.612903225806452,IT -  CRM Implementation,Chine,Asia Pacific,Distributor,0,0,0,0,0,0,0,0,1,0
473,96,Phase F - Post-deployment,2021-06-08,80,1400,8,96,78,both,-2,0,En avance,6,2,2021,3.0,IT -  CRM Implementation,Chine,Asia Pacific,Distributor,0,0,0,0,0,0,0,0,0,1
474,97,Phase A - Initiation,2020-02-05,86,400,3,97,60,both,-26,0,En avance,2,1,2020,1.0465116279069768,IT -  CRM Implementation,Japon,Asia Pacific,Affiliate,0,0,0,0,1,0,0,0,0,0
475,97,Phase B - Preparation,2020-04-06,150,8100,29,97,206,both,56,1,Retard moyen (1-3mois),4,2,2020,5.8,IT -  CRM Implementation,Japon,Asia Pacific,Affiliate,0,0,0,0,0,1,0,0,0,0
476,97,Phase C - Development,2020-04-12,125,10500,9,97,76,both,-49,0,En avance,4,2,2020,2.1599999999999997,IT -  CRM Implementation,Japon,Asia Pacific,Affiliate,0,0,0,0,0,0,1,0,0,0
477,97,Phase D - Testing,2020-06-27,53,2800,6,97,80,both,27,1,Petit retard (<1mois),6,2,2020,3.3962264150943398,IT -  CRM Implementation,Japon,Asia Pacific,Affiliate,0,0,0,0,0,0,0,1,0,0
478,97,Phase E - Deployment,2020-09-15,134,47000,26,97,142,both,8,1,Petit retard (<1mois),9,3,2020,5.82089552238806,IT -  CRM Implementation,Japon,Asia Pacific,Affiliate,0,0,0,0,0,0,0,0,1,0
479,97,Phase F - Post-deployment,2021-02-04,32,1400,8,97,23,both,-9,0,En avance,2,1,2021,7.5,IT -  CRM Implementation,Japon,Asia Pacific,Affiliate,0,0,0,0,0,0,0,0,0,1
480,98,Phase A - Initiation,2020-02-14,40,400,28,98,42,both,2,1,Petit retard (<1mois),2,1,2020,21.0,IT -  CRM Implementation,Japon,Asia Pacific,Affiliate,0,0,0,0,1,0,0,0,0,0
481,98,Phase B - Preparation,2020-08-05,116,8100,27,98,37,both,-79,0,En avance,8,3,2020,6.982758620689655,IT -  CRM Implementation,Japon,Asia Pacific,Affiliate,0,0,0,0,0,1,0,0,0,0
482,98,Phase C - Development,2020-09-11,147,10500,17,98,100,both,-47,0,En avance,9,3,2020,3.469387755102041,IT -  CRM Implementation,Japon,Asia Pacific,Affiliate,0,0,0,0,0,0,1,0,0,0
483,98,Phase D - Testing,2020-12-20,21,2800,8,98,40,both,19,1,Petit retard (<1mois),12,4,2020,11.428571428571427,IT -  CRM Implementation,Japon,Asia Pacific,Affiliate,0,0,0,0,0,0,0,1,0,0
484,98,Phase E - Deployment,2021-02-08,118,32000,13,98,140,both,22,1,Petit retard (<1mois),2,1,2021,3.305084745762712,IT -  CRM Implementation,Japon,Asia Pacific,Affiliate,0,0,0,0,0,0,0,0,1,0
485,98,Phase F - Post-deployment,2021-06-27,143,1400,19,98,144,both,1,1,Petit retard (<1mois),6,2,2021,3.986013986013986,IT -  CRM Implementation,Japon,Asia Pacific,Affiliate,0,0,0,0,0,0,0,0,0,1
486,99,Phase A - Initiation,2020-04-15,64,400,24,99,83,both,19,1,Petit retard (<1mois),4,2,2020,11.25,IT -  CRM Implementation,Indonesie,Asia Pacific,Distributor,0,0,0,0,1,0,0,0,0,0
487,99,Phase B - Preparation,2020-07-07,32,8100,14,99,16,both,-16,0,En avance,7,3,2020,13.125,IT -  CRM Implementation,Indonesie,Asia Pacific,Distributor,0,0,0,0,0,1,0,0,0,0
488,99,Phase C - Development,2020-07-23,130,10500,11,99,54,both,-76,0,En avance,7,3,2020,2.5384615384615388,IT -  CRM Implementation,Indonesie,Asia Pacific,Distributor,0,0,0,0,0,0,1,0,0,0
489,99,Phase D - Testing,2020-09-15,102,2800,31,99,76,both,-26,0,En avance,9,3,2020,9.117647058823529,IT -  CRM Implementation,Indonesie,Asia Pacific,Distributor,0,0,0,0,0,0,0,1,0,0
490,99,Phase E - Deployment,2020-10-21,134,53000,22,99,147,both,13,1,Petit retard (<1mois),10,4,2020,4.925373134328359,IT -  CRM Implementation,Indonesie,Asia Pacific,Distributor,0,0,0,0,0,0,0,0,1,0
491,99,Phase F - Post-deployment,2020-10-28,34,1400,5,99,55,both,21,1,Petit retard (<1mois),10,4,2020,4.411764705882353,IT -  CRM Implementation,Indonesie,Asia Pacific,Distributor,0,0,0,0,0,0,0,0,0,1
492,100,Phase A - Initiation,2020-05-21,115,400,18,100,132,both,17,1,Petit retard (<1mois),5,2,2020,4.695652173913044,IT -  CRM Implementation,Malaysie,Asia Pacific,Affiliate,0,0,0,0,1,0,0,0,0,0
493,100,Phase B - Preparation,2020-06-22,190,8100,16,100,135,both,-55,0,En avance,6,2,2020,2.526315789473684,IT -  CRM Implementation,Malaysie,Asia Pacific,Affiliate,0,0,0,0,0,1,0,0,0,0
494,100,Phase C - Development,2020-07-07,92,10500,21,100,157,both,65,1,Retard moyen (1-3mois),7,3,2020,6.8478260869565215,IT -  CRM Implementation,Malaysie,Asia Pacific,Affiliate,0,0,0,0,0,0,1,0,0,0
495,100,Phase D - Testing,2020-12-21,123,2800,5,100,150,both,27,1,Petit retard (<1mois),12,4,2020,1.2195121951219512,IT -  CRM Implementation,Malaysie,Asia Pacific,Affiliate,0,0,0,0,0,0,0,1,0,0
496,100,Phase E - Deployment,2021-05-19,54,68000,17,100,19,both,-35,0,En avance,5,2,2021,9.444444444444445,IT -  CRM Implementation,Malaysie,Asia Pacific,Affiliate,0,0,0,0,0,0,0,0,1,0
497,100,Phase F - Post-deployment,2021-05-28,32,1400,18,100,22,both,-10,0,En avance,5,2,2021,16.875,IT -  CRM Implementation,Malaysie,Asia Pacific,Affiliate,0,0,0,0,0,0,0,0,0,1
498,101,Phase A - Initiation,2020-01-16,121,700,25,101,69,both,-52,0,En avance,1,1,2020,6.198347107438017,IT -  CRM Implementation,Chine,Asia Pacific,Distributor,0,0,0,0,1,0,0,0,0,0
499,101,Phase B - Preparation,2020-03-26,109,16100,30,101,71,both,-38,0,En avance,3,1,2020,8.256880733944955,IT -  CRM Implementation,Chine,Asia Pacific,Distributor,0,0,0,0,0,1,0,0,0,0
500,101,Phase C - Development,2020-06-05,175,21000,20,101,175,both,0,0,À l'heure,6,2,2020,3.4285714285714284,IT -  CRM Implementation,Chine,Asia Pacific,Distributor,0,0,0,0,0,0,1,0,0,0
501,101,Phase D - Testing,2020-11-27,68,5600,6,101,86,both,18,1,Petit retard (<1mois),11,4,2020,2.647058823529412,IT -  CRM Implementation,Chine,Asia Pacific,Distributor,0,0,0,0,0,0,0,1,0,0
502,101,Phase E - Deployment,2021-02-21,2,75000,5,101,6,both,4,1,Petit retard (<1mois),2,1,2021,75.0,IT -  CRM Implementation,Chine,Asia Pacific,Distributor,0,0,0,0,0,0,0,0,1,0
503,101,Phase F - Post-deployment,2021-04-26,64,2800,10,101,89,both,25,1,Petit retard (<1mois),4,2,2021,4.6875,IT -  CRM Implementation,Chine,Asia Pacific,Distributor,0,0,0,0,0,0,0,0,0,1
504,102,Phase A - Initiation,2020-03-20,155,400,9,102,65,both,-90,0,En avance,3,1,2020,1.7419354838709677,IT -  CRM Implementation,Ile Maurice,Central/Eastern Europe-Middle East-Africa,Distributor,0,0,0,0,1,0,0,0,0,0
505,102,Phase B - Preparation,2020-05-24,3,8100,1,102,9,both,6,1,Petit retard (<1mois),5,2,2020,10.0,IT -  CRM Implementation,Ile Maurice,Central/Eastern Europe-Middle East-Africa,Distributor,0,0,0,0,0,1,0,0,0,0
506,102,Phase C - Development,2020-06-02,199,10500,15,102,152,both,-47,0,En avance,6,2,2020,2.2613065326633164,IT -  CRM Implementation,Ile Maurice,Central/Eastern Europe-Middle East-Africa,Distributor,0,0,0,0,0,0,1,0,0,0
507,102,Phase D - Testing,2020-11-01,172,2800,28,102,141,both,-31,0,En avance,11,4,2020,4.883720930232559,IT -  CRM Implementation,Ile Maurice,Central/Eastern Europe-Middle East-Africa,Distributor,0,0,0,0,0,0,0,1,0,0
508,102,Phase E - Deployment,2020-12-02,71,62000,12,102,63,both,-8,0,En avance,12,4,2020,5.070422535211268,IT -  CRM Implementation,Ile Maurice,Central/Eastern Europe-Middle East-Africa,Distributor,0,0,0,0,0,0,0,0,1,0
509,102,Phase F - Post-deployment,2021-04-30,12,1400,5,102,8,both,-4,0,En avance,4,2,2021,12.5,IT -  CRM Implementation,Ile Maurice,Central/Eastern Europe-Middle East-Africa,Distributor,0,0,0,0,0,0,0,0,0,1
510,103,Phase A - Initiation,2020-05-09,9,400,2,103,11,both,2,1,Petit retard (<1mois),5,2,2020,6.666666666666666,IT -  CRM Implementation,La Reunion,Central/Eastern Europe-Middle East-Africa,Affiliate,0,0,0,0,1,0,0,0,0,0
511,103,Phase B - Preparation,2020-09-02,5,8100,6,103,4,both,-1,0,En avance,9,3,2020,36.0,IT -  CRM Implementation,La Reunion,Central/Eastern Europe-Middle East-Africa,Affiliate,0,0,0,0,0,1,0,0,0,0
512,103,Phase C - Development,2020-10-13,1,10500,1,103,8,both,7,1,Petit retard (<1mois),10,4,2020,30.0,IT -  CRM Implementation,La Reunion,Central/Eastern Europe-Middle East-Africa,Affiliate,0,0,0,0,0,0,1,0,0,0
513,103,Phase D - Testing,2021-01-06,102,2800,13,103,131,both,29,1,Petit retard (<1mois),1,1,2021,3.8235294117647056,IT -  CRM Implementation,La Reunion,Central/Eastern Europe-Middle East-Africa,Affiliate,0,0,0,0,0,0,0,1,0,0
514,103,Phase E - Deployment,2021-02-06,175,68000,20,103,75,both,-100,0,En avance,2,1,2021,3.4285714285714284,IT -  CRM Implementation,La Reunion,Central/Eastern Europe-Middle East-Africa,Affiliate,0,0,0,0,0,0,0,0,1,0
515,103,Phase F - Post-deployment,2021-04-21,167,1400,24,103,171,both,4,1,Petit retard (<1mois),4,2,2021,4.311377245508982,IT -  CRM Implementation,La Reunion,Central/Eastern Europe-Middle East-Africa,Affiliate,0,0,0,0,0,0,0,0,0,1
516,104,Phase 1 - Planning,2018-05-12,186,50000,21,104,163,both,-23,0,En avance,5,2,2018,3.3870967741935485,Marketing - Launch of new product,Bielorussie,Central/Eastern Europe-Middle East-Africa,Distributor,1,0,0,0,0,0,0,0,0,0
517,104,Phase 2 - Initiation,2018-06-07,185,100000,27,104,179,both,-6,0,En avance,6,2,2018,4.378378378378379,Marketing - Launch of new product,Bielorussie,Central/Eastern Europe-Middle East-Africa,Distributor,0,1,0,0,0,0,0,0,0,0
518,104,Phase 3 - Implementation,2018-06-23,72,150000,17,104,168,both,96,1,Grand retard (>3mois),6,2,2018,7.083333333333333,Marketing - Launch of new product,Bielorussie,Central/Eastern Europe-Middle East-Africa,Distributor,0,0,1,0,0,0,0,0,0,0
519,104,Phase 4 - Manufacturing,2018-12-08,191,450000,4,104,140,both,-51,0,En avance,12,4,2018,0.6282722513089005,Marketing - Launch of new product,Bielorussie,Central/Eastern Europe-Middle East-Africa,Distributor,0,0,0,1,0,0,0,0,0,0
